Title,Address,street,city,postal_code,Phone,Country,Website,Email,mobile_number,whatsapp_number,email_contacted,phone_mobile_contacted,whatsapp_contacted,sure_shots,potentials_already_have,meeting_fixed,leads_converted,follow_up,comment
Ganapati manufacturing company pvt.ltd.,काठमाडौँ 44600,,काठमाडौँ,44600,+9779851112819,NP,null,null,null,null,false,false,false,null,,false,false,null,
ganapati manufacturing company pvt.ltd,,,,null,+9779851112819,NP,null,null,null,null,false,false,false,null,,false,false,null,
डाबर नेपाल प्रा. लि.,"मदन भण्डारी पथ, काठमाडौँ 44600",मदन भण्डारी पथ,काठमाडौँ,44600,+97714112240,NP,null,null,null,null,false,false,false,null,,false,false,null,
नेबिको बिस्कुट कम्पनी,"Nebico (Biscuit and Confectionery Company), काठमाडौँ 44600",Nebico (Biscuit and Confectionery Company),काठमाडौँ,44600,+97714350527,NP,https://nebico.com,null,null,null,false,false,false,null,,false,false,null,
Hulas Iron Industries Ltd - Head Office,"Floor No 6, Amir bhawan Ganeshthan, विनायक मार्ग, काठमाडौँ 44600","Floor No 6, Amir bhawan Ganeshthan, विनायक मार्ग",काठमाडौँ,44600,+97715970085,NP,https://hulasironindustries.com,info@hii.com,+97715970085,+9779810018511,false,false,false,null,,false,false,null,
बोटलर्स नेपाल लिमिटेड,"लेखनाथ मार्ग, काठमाडौँ 44600",लेखनाथ मार्ग,काठमाडौँ,44600,+97714350602,NP,https://bnl.com.np,null,null,null,false,false,false,null,,false,false,null,
SK Group of Manufacturing,बुढानीलकण्ठ 44600,,बुढानीलकण्ठ,44600,+9779818175925,NP,null,null,null,null,false,false,false,null,,false,false,null,
Bhumi Suppliers and Manufacturing Pvt. Ltd,"Near Malpot office, काठमाडौँ 44600",Near Malpot office,काठमाडौँ,44600,+9779813168669,NP,https://bizznews2.blogspot.com,null,null,null,false,false,false,null,,false,false,null,
Nepal liyuan food company pvt ltd,"Q86J+72P, टोखा 44600",Q86J+72P,टोखा,44600,+97714283902,NP,null,null,null,null,false,false,false,null,,false,false,null,
यूनिलीवर नेपाल लि.,"M8QJ+MXR, City Square Building, काठमाडौँ","M8QJ+MXR, City Square Building",काठमाडौँ,null,+97714785963,NP,https://unilevernepal.com,null,null,null,false,false,false,null,,false,false,null,
NDH Nepali Masala Manufacturer Company HEAD-OFFICE Kathmandu Nepal,काठमाडौँ 44602,,काठमाडौँ,44602,+9779851318017,NP,https://ndhmasala.com,info@ndhmasala.com,+9779851087422,+9779851087422,false,false,false,null,,false,false,null,
Nepal Bag Manufacturing Company,"Ganeshsthan, काठमाडौँ 00000",Ganeshsthan,काठमाडौँ,00000,+97714464088,NP,https://promotionalgiftnepal.com,null,null,null,false,false,false,null,,false,false,null,
खाद्य व्यवस्था तथा व्यापार कम्पनी लिमिटेड,"M8X9+8GR, Prithvi Path, काठमाडौँ 44617","M8X9+8GR, Prithvi Path",काठमाडौँ,44617,+97714248891,NP,https://fmtc.org.np,info@fmtc.org.np,+97715348891,null,false,false,false,null,,false,false,null,
MC GROUP OF COMPANIES,"1st Floor, 2 nd Floor Radha Kuti Arcade, Putalisadak, काठमाडौँ 44600","1st Floor, 2 nd Floor Radha Kuti Arcade, Putalisadak",काठमाडौँ,44600,+97714411187,NP,https://mcnepal.com,info@mcnepal.com,+97714411187,null,false,false,false,null,,false,false,null,
Himalayan Cashmere Manufacturing Company,"Byathit Marg, काठमाडौँ 44600",Byathit Marg,काठमाडौँ,44600,+9779813755888,NP,https://himalayancashmere.com,info@himalayancashmere.com,+977209813755888,+9779813755888,false,false,false,null,,false,false,null,
Ambe Steels | Jay Ambe Steels,"त्र्‍िपुरा मार्ग, काठमाडौँ 44600",त्र्‍िपुरा मार्ग,काठमाडौँ,44600,+97715358128,NP,https://ambegroup.com,info@ambegroup.com,+NP2024251,null,false,false,false,null,,false,false,null,
NDH Nepali Masala Manufacturer Company Kathmandu Nepal,बुढानीलकण्ठ 44600,,बुढानीलकण्ठ,44600,+9779851087422,NP,https://ndhmasala.com,info@ndhmasala.com,+9779851087422,+9779851087422,false,false,false,null,,false,false,null,
Joy Groups & Paper Bags Pvt.Ltd,काठमाडौँ 44600,,काठमाडौँ,44600,+9779810627838,NP,null,null,null,null,false,false,false,null,,false,false,null,
Transweld Nepal,टोखा 44600,,टोखा,44600,+97714964623,NP,https://transweldnepal.com,business@transweldnepal.com,+97714964623,null,false,false,false,null,,false,false,null,
गोल्डस्टार जुत्ता कारखाना,"Dhumbharai Marg, काठमाडौँ 44600",Dhumbharai Marg,काठमाडौँ,44600,+97714373134,NP,https://goldstarfootwear.com,%20inquire@goldstarstride.com,+9779801235097,+9779801235097,false,false,false,null,,false,false,null,
Prisha fashion industry pvt.ltd,काठमाडौँ 44600,,काठमाडौँ,44600,+9779851178792,NP,https://prishafashion.com.np,null,null,null,false,false,false,null,,false,false,null,
Geotech Electronics Industries,"Baraha Marg, काठमाडौँ 44600",Baraha Marg,काठमाडौँ,44600,+97714442811,NP,null,null,null,null,false,false,false,null,,false,false,null,
Piya Plastic Industries Pvt. Ltd.,"61, काठमाडौँ 44600",61,काठमाडौँ,44600,+97714538622,NP,https://piyaplastics.com,piyaplastic.ktm@gmail.com,+014538622,null,false,false,false,null,,false,false,null,
देउराली जनता फर्मास्यूटिकल्स,"679, 3 Budhanilkantha Sadak, काठमाडौँ 44600","679, 3 Budhanilkantha Sadak",काठमाडौँ,44600,+97714018777,NP,https://deuralijanta.com,null,null,null,false,false,false,null,,false,false,null,
Luga Factory (Garment- Manufacturing & Printing),मध्यपुर थिमि 44600,,मध्यपुर थिमि,44600,+9779843552013,NP,https://lugafactory.com.np,mylugafactory@gmail.com,+9779843552013,null,false,false,false,null,,false,false,null,
Shiv Shakti Group,"Sahid Shukra Marg, काठमाडौँ 44600",Sahid Shukra Marg,काठमाडौँ,44600,+97714100041,NP,https://shivshaktinepal.com,ssgu@gadia.com.np,+97714100041,null,false,false,false,null,,false,false,null,
सूर्य नेपाल प्रा लि.,"P868+73M, कान्ती पथ सडक, काठमाडौँ 44600","P868+73M, कान्ती पथ सडक",काठमाडौँ,44600,+97714248280,NP,https://snpl.com.np,corporate@snpl.com.np,+97715348280,null,false,false,false,null,,false,false,null,
Himalayan Bag Jacket factory.,"M8RP+G9 10, काठमाडौँ 44600",M8RP+G9 10,काठमाडौँ,44600,+97714503896,NP,null,null,null,null,false,false,false,null,,false,false,null,
एसियन फर्मास्युटिकल्स प्रा. लि.,"पशुपती सडक, काठमाडौँ 44600",पशुपती सडक,काठमाडौँ,44600,+97714521650,NP,https://asianpharmaceuticals.com,null,null,null,false,false,false,null,,false,false,null,
Nepo Industries Pvt. Ltd.,भक्तपुर 44800,,भक्तपुर,44800,+97716613137,NP,null,null,null,null,false,false,false,null,,false,false,null,
Factory Solutions Nepal Pvt. Ltd. (FSN),काठमाडौँ 44600,,काठमाडौँ,44600,+9779847206004,NP,https://factorysolutions.com.np,null,null,null,false,false,false,null,,false,false,null,
Hulas Steel Industries Limited,"P826+88V, काठमाडौँ 44600",P826+88V,काठमाडौँ,44600,+9779861844855,NP,https://hulassteel.com.np,sales.alu@hulassteel.com.np,+9779861844855,null,false,false,false,null,,false,false,null,
Umico Garment Industries Pvt. Ltd.,"ठमेल मार्ग, काठमाडौँ 44600",ठमेल मार्ग,काठमाडौँ,44600,+97714512638,NP,https://umicoindustry.com,umicoindustry@gmail.com,+9779841617964,null,false,false,false,null,,false,false,null,
नेपाल प्लास्टिक प्रा। लि।,"M8Q6+V5R, ललितपुर 44600",M8Q6+V5R,ललितपुर,44600,+97715423559,NP,null,null,null,null,false,false,false,null,,false,false,null,
Himal Iron & Steel Pvt. Ltd,"P867+FW8, काठमाडौँ 44600",P867+FW8,काठमाडौँ,44600,+9779851006520,NP,null,null,null,null,false,false,false,null,,false,false,null,
Samriddhi Steels company nepal,"भग्वती मार्ग, काठमाडौँ 44600",भग्वती मार्ग,काठमाडौँ,44600,+9779801904521,NP,https://samriddhisteels.com,sales@siddhilaxmi.com,+97724433674,null,false,false,false,null,,false,false,null,
रिलायन्स ग्रुप - नेपाल,"Prasiddhi Towers, Shree Marg, ललितपुर 44600","Prasiddhi Towers, Shree Marg",ललितपुर,44600,+97715970970,NP,https://reliancegroupnepal.com,info@rgn.com.np,+97715970970,null,false,false,false,null,,false,false,null,
Mimi Foods,"Nageswor Colony, Block A, (#13 electricity pole) Arubari, Kathmandu, Nepal","Nageswor Colony, Block A, (#13 electricity pole) Arubari, Kathmandu",Nepal,null,+9779808460886,NP,null,null,null,null,false,false,false,null,,false,false,null,
रिलायन्स नेपाल पेंट,"P9CM+943, गोकर्णेश्वर 44600",P9CM+943,गोकर्णेश्वर,44600,+97714912134,NP,https://reliancepaintsnepal.com,null,null,null,false,false,false,null,,false,false,null,
Lazimpat Engineering Works,"Lazimpat Rd, Kathmandu,Nepal, Kathamandu, Nepal 44600","Lazimpat Rd, Kathmandu, Nepal, Kathamandu",Nepal,44600,+97714528506,NP,null,null,null,null,false,false,false,null,,false,false,null,
Gem Plastic Industry,"P8VJ+24Q, चक्रपथ, काठमाडौँ 44600","P8VJ+24Q, चक्रपथ",काठमाडौँ,44600,+9779860459676,NP,null,null,null,null,false,false,false,null,,false,false,null,
Shree Polythene & Plastic Udhyog P. Ltd.,"Balaju Industrial District, लेखनाथ मार्ग, 44600","Balaju Industrial District, लेखनाथ मार्ग",,44600,+97714970239,NP,https://shreepolythene.com,null,null,null,false,false,false,null,,false,false,null,
Indigo Paints Pvt. Ltd. (Corporate Office),"Futung Road, काठमाडौँ 44600",Futung Road,काठमाडौँ,44600,+97714026283,NP,https://indigopaints.com.np,info@indigopaints.com.np,+97714026409,null,false,false,false,null,,false,false,null,
Packaging Product,बुढानीलकण्ठ 44600,,बुढानीलकण्ठ,44600,+97714373143,NP,https://packagingnepal.com,null,null,null,false,false,false,null,,false,false,null,
Everest Parenterals Pvt. Ltd,काठमाडौँ 44600,,काठमाडौँ,44600,+97715909183,NP,https://everest-hcg.com,null,null,null,false,false,false,null,,false,false,null,
Royal Metal Industries Nepal Pvt.Ltd,J9X8+XFF,,J9X,8,+9779851054641,NP,https://royalmetal.com.np,info@royalmetal.com.np,+9779851054641,null,false,false,false,null,,false,false,null,
Muktinath Traders Newsmandu Pvt Ltd Paper shop paper importer paper traders paper merchant printing paper,"29 Tanka Prasad Ghumti Sadak, काठमाडौँ 44600",29 Tanka Prasad Ghumti Sadak,काठमाडौँ,44600,+9779851023378,NP,https://muktinathtraders.com,null,null,null,false,false,false,null,,false,false,null,
SAVE MASK Manufacturing company,"सेती ओपी मार्ग, काठमाडौँ 44600",सेती ओपी मार्ग,काठमाडौँ,44600,+9779844136801,NP,null,null,null,null,false,false,false,null,,false,false,null,
Pahadi Foods,"Chappal Karkhana, 4 Ward, काठमाडौँ 44600","Chappal Karkhana, 4 Ward",काठमाडौँ,44600,+9779801022530,NP,https://pahadi.com,null,null,null,false,false,false,null,,false,false,null,
क्लोथिङ्ग इन नेपाल प्रा. लि.,"Chamati 15, काठमाडौँ 21185",Chamati 15,काठमाडौँ,21185,+9779851135219,NP,https://clothinginnepal.com,clothinginnepal@gmail.com,+9779851135219,+9779851135219,false,false,false,null,,false,false,null,
Royal Footwear Industries Pvt. Ltd.,"P836+HQR, काठमाडौँ 44600",P836+HQR,काठमाडौँ,44600,+97714261890,NP,null,null,null,null,false,false,false,null,,false,false,null,
देउराली जनता फर्मास्युटिकल,"Q82Q+42C, Dhapasi Marg, काठमाडौँ 44600","Q82Q+42C, Dhapasi Marg",काठमाडौँ,44600,+97714435167,NP,https://deuralijanta.com,null,null,null,false,false,false,null,,false,false,null,
Nepal Pasta Food Company (Barari),"Haatigauda Chowk, Budanilkhanta-7, काठमाडौँ 44600","Haatigauda Chowk, Budanilkhanta-7",काठमाडौँ,44600,+9779851165029,NP,https://barari.com.np,null,null,null,false,false,false,null,,false,false,null,
नेपाल नितिङ इनदसत्रिज,"नित्यनाथ मार्ग, काठमाडौँ 44600",नित्यनाथ मार्ग,काठमाडौँ,44600,+97715321825,NP,https://nepalknitting.com,null,+9779851186277,null,false,false,false,null,,false,false,null,
B.G. Fiber Play and Amusement Equipment Pvt. Ltd.,"Q944+3PP, Unnamed Road, बुढानीलकण्ठ 44600","Q944+3PP, Unnamed Road",बुढानीलकण्ठ,44600,+9779851157219,NP,https://bgfiberequipment.com.np,null,null,null,false,false,false,null,,false,false,null,
National Plastic Industries,काठमाडौँ 44600,,काठमाडौँ,44600,+9779766430132,NP,https://nationalplasticindustries.com.np,info@nationalplasticindustries.com.np,+97714985964,+9779813209537,false,false,false,null,,false,false,null,
"Apparel And Textile Inc. ! Fleece Fabric,Lycra Fabric,Knitted Fabric,,Corporate Tshirt Manufacturer In Kathmandu, Nepal","MC-25, Phasikeba, Near Red Cross Society, Nepal, काठमाडौँ 44600","MC-25, Phasikeba, Near Red Cross Society, Nepal",काठमाडौँ,44600,+9779813287896,NP,https://apparelandtextileinc.com,antincldh@gmail.com,+911613501185,null,false,false,false,null,,false,false,null,
Hyat Enterprises,"Bagmati Chamber, मिलन मार्ग, काठमाडौँ 44600","Bagmati Chamber, मिलन मार्ग",काठमाडौँ,44600,+97714243795,NP,https://hyatenterprises.com,hyatharshit@gmail.com,+9779801255012,null,false,false,false,null,,false,false,null,
Duro bagz Manufacturing,Kathmandu 44610,,Kathmandu,44610,+9779705517111,NP,null,null,null,null,false,false,false,null,,false,false,null,
बिशाल ग्रुप,"M8R9+WR6, काठमाडौँ 44600",M8R9+WR6,काठमाडौँ,44600,+97715111104,NP,https://vishalgroup.com,info@vishalgroup.com,+97715111104,null,false,false,false,null,,false,false,null,
Legacy Garment - Garment Factory in Nepal,"Serbeshwar Marg, काठमाडौँ 44600",Serbeshwar Marg,काठमाडौँ,44600,+9779808540632,NP,https://legacygarment.com,null,null,null,false,false,false,null,,false,false,null,
Rajesh Metal Crafts Pvt. Ltd.,"502, 5th Floor, Central Business Park, काठमाडौँ 44600","502, 5th Floor, Central Business Park",काठमाडौँ,44600,+97714101686,NP,https://rajeshmetalcrafts.com,null,+97714101685,null,false,false,false,null,,false,false,null,
Lumbini Fashion Industry (LuFI) Pvt. Ltd.,"अद्वैत मार्ग, काठमाडौँ 44600",अद्वैत मार्ग,काठमाडौँ,44600,+9779851151111,NP,https://lumbinifashion.com.np,null,+9779851151111,+9779851151111,false,false,false,null,,false,false,null,
बागमति प्लाष्‍टिक इण्डष्‍ट्रिज प्रा. लि.,"Four Square Building, काठमाडौँ 44600",Four Square Building,काठमाडौँ,44600,+9779803614450,NP,https://bagmatiplastic.com.np,null,null,null,false,false,false,null,,false,false,null,
Azad Metal Engineering Pvt.Ltd.,काठमाडौँ 44600,,काठमाडौँ,44600,+9779851137082,NP,https://azadmetalengineering.com.np,null,null,null,false,false,false,null,,false,false,null,
NEPAL RUG COMPANY P. LTD,काठमाडौँ 44600,,काठमाडौँ,44600,+9779851020556,NP,https://nepalrugcompany.com,sonam.nepalrug@gmail.com,+97715134394,null,false,false,false,null,,false,false,null,
बर्जर जेन्सन एण्ड निकाेल्सन,"Bagmati-Tinkune Bridge, Bagamati Baneswor Bridge, काठमाडौँ 44600","Bagmati-Tinkune Bridge, Bagamati Baneswor Bridge",काठमाडौँ,44600,+97715199218,NP,https://bergernepal.com,null,null,null,false,false,false,null,,false,false,null,
Himalayan Special Herbs Industries Pvt. Ltd.,"40 Sahid Galli, काठमाडौँ 44600",40 Sahid Galli,काठमाडौँ,44600,+9779840242627,NP,null,null,null,null,false,false,false,null,,false,false,null,
छाङ गीन उलन इन्डस्ट्रि नेपाल,"M7WC+XW7, नागार्जुन 44600",M7WC+XW7,नागार्जुन,44600,+9779851104744,NP,null,null,null,null,false,false,false,null,,false,false,null,
Krishna Food Production and Packaging,काठमाडौँ 44600,,काठमाडौँ,44600,+9779801219796,NP,https://wellbell.com.np,null,null,null,false,false,false,null,,false,false,null,
Krishna Chemicals & Paints Ind Pvt Ltd,"Ganesh Man Singh Path-3 315/17, काठमाडौँ 44600",Ganesh Man Singh Path-3 315/17,काठमाडौँ,44600,+9779801179351,NP,https://kcpi.com.np,office@kcpi.com.np,+9779801179351,null,false,false,false,null,,false,false,null,
Nepal Tent & Tarpaulin Pvt Ltd,"चक्रपथ, काठमाडौँ 44600",चक्रपथ,काठमाडौँ,44600,+9779851335109,NP,https://nepaltent.com.np,nepaltent7@gmail.com,+97714950831,+9779815398113,false,false,false,null,,false,false,null,
Magnus Pharma Pvt. Ltd.,"ज्याथा मार्ग, काठमाडौँ 44600",ज्याथा मार्ग,काठमाडौँ,44600,+97714266878,NP,https://magnuspharma.com.np,null,null,null,false,false,false,null,,false,false,null,
Sarawagi Group - Guest House,"48/57, 14 Khadya Bazaar Marg, काठमाडौँ 44600","48/57, 14 Khadya Bazaar Marg",काठमाडौँ,44600,+9779802069589,NP,https://sarawagigroup.com.np,info@sarawagigroup.com.np,+97715971227,null,false,false,false,null,,false,false,null,
J&Js Printing Support (Paper Bags Manufacturer),ललितपुर 44600,,ललितपुर,44600,+9779843223219,NP,https://paperbagnepal.com,null,+9779843223219,null,false,false,false,null,,false,false,null,
Tibetan Singing bowls Manufacture and wholesaler,"Email:- lbheproduct@gmail.com, phone :- +9779851018264, काठमाडौँ 44611","Email:- lbheproduct@gmail.com, phone :- +9779851018264",काठमाडौँ,44611,+9779841642422,NP,https://lordbuddhahimalayan.com,null,null,null,false,false,false,null,,false,false,null,
National Ice Cream Industries,"P8J2+QWJ, Lekhnath Sadak, काठमाडौँ 44600","P8J2+QWJ, Lekhnath Sadak",काठमाडौँ,44600,+97714385431,NP,https://nationalicecream.com.np,null,null,null,false,false,false,null,,false,false,null,
Swastik Bag Tatha Silai Udhyog (Bag Factory In Nepal),"नयाँ सडक, काठमाडौँ 44600",नयाँ सडक,काठमाडौँ,44600,+9779823667823,NP,https://swastikbagudhyog.com.np,swastikbagudhyog@gmail.com,+9779851032853,null,false,false,false,null,,false,false,null,
Shiwakoti Bag Industry,"P83J+8FJ, 29 बीरेन्द्र मार्ग, काठमाडौँ 44600","P83J+8FJ, 29 बीरेन्द्र मार्ग",काठमाडौँ,44600,+97714526306,NP,https://shiwakotibags.com.np,null,null,null,false,false,false,null,,false,false,null,
Pacific Commercial Company P.Ltd,"प्यासिफिक बिल्डिंग, भैकै तल्ला, पुतलीसडक, 44600","प्यासिफिक बिल्डिंग, भैकै तल्ला, पुतलीसडक",,44600,+97714430279,NP,https://pacific-nepal.com,null,null,null,false,false,false,null,,false,false,null,
Nepal Ekarat Engeneering Co,"जयसीस मार्ग, काठमाडौँ 44600",जयसीस मार्ग,काठमाडौँ,44600,+97715343436,NP,https://neek-transformer.com,info@neek-transformer.com,+97715343436,+9779851063628,false,false,false,null,,false,false,null,
सुमी औषधि,"Balaju - 16, काठमाडौँ 44600",Balaju - 16,काठमाडौँ,44600,+97714959595,NP,https://sumypharmaceuticals.com.np,null,null,null,false,false,false,null,,false,false,null,
Sky Light Pvt. Ltd.,"Lazimpat Rd, काठमाडौँ 44600",Lazimpat Rd,काठमाडौँ,44600,+97714515209,NP,https://skylight.com.np,info@skylight.com.np,+97714523851,null,false,false,false,null,,false,false,null,
Jagdamba Steels Ltd.,"Lalita House, काठमाडौँ 44600",Lalita House,काठमाडौँ,44600,+97714545823,NP,https://jagdambasteels.com,info@jagdambasteels.com,+97714545823,null,false,false,false,null,,false,false,null,
Sarbottam Steels Ltd,"M8PV+8RV 2nd Floor, Neupane Tower, काठमाडौँ 44600","M8PV+8RV 2nd Floor, Neupane Tower",काठमाडौँ,44600,+97714117503,NP,https://sarbottamsteels.com,null,null,null,false,false,false,null,,false,false,null,
Jawalakhel Group of Industries,"M8C7+HX9, Shanti Bagaicha Road, ललितपुर 44600","M8C7+HX9, Shanti Bagaicha Road",ललितपुर,44600,+97715522010,NP,https://jginepal.com,info@jginepal.com,+97715522010,null,false,false,false,null,,false,false,null,
United Cements Limited,काठमाडौँ 44600,,काठमाडौँ,44600,+97714439458,NP,null,null,null,null,false,false,false,null,,false,false,null,
गोर्खा ब्रुअरी नेपाल,"P86C+HQJ, हात्तीसार सडक, काठमाडौँ 44600","P86C+HQJ, हात्तीसार सडक",काठमाडौँ,44600,+97714544445,NP,null,null,null,null,false,false,false,null,,false,false,null,
Jagdamba Cement,"M8PV+9RC, Subidha Naga, Sat Marga, काठमाडौँ 44600","M8PV+9RC, Subidha Naga, Sat Marga",काठमाडौँ,44600,+97714111500,NP,https://jagdambacement.com,admin@jcement.com,+9779801110345,null,false,false,false,null,,false,false,null,
Business Interest Group of Industries Limited (BIG Industries),"KMC-3, Samakhushi - Ranibari Rd, काठमाडौँ 44600","KMC-3, Samakhushi - Ranibari Rd",काठमाडौँ,44600,+9779851312924,NP,null,null,null,null,false,false,false,null,,false,false,null,
Durga Metals Nepal,Balktot 44600,,Balktot,44600,+9779862579068,NP,https://durgametalsnepal.com,null,null,null,false,false,false,null,,false,false,null,
Nepal Transforemr,"भक्तपुर औधोगिक क्षेत्र, भक्तपुर 44800",भक्तपुर औधोगिक क्षेत्र,भक्तपुर,44800,+9779851175626,NP,null,null,null,null,false,false,false,null,,false,false,null,
M.D.H Pharmaceuticals Pvt.Ltd (Medivet/Respire),"44600, काठमाडौँ",44600,काठमाडौँ,null,+97715424731,NP,https://mdhpharma.com,md@mdhpharma.com,+97715424731,null,false,false,false,null,,false,false,null,
Mainali Marketing,"P972+GJ2, Marga, काठमाडौँ 44602","P972+GJ2, Marga",काठमाडौँ,44602,+9779802022445,NP,https://passiontissue.com,passiontissue11@gmail.com,+9779802022445,+9779802022445,false,false,false,null,,false,false,null,
Manakamana Tarjali & Engenreeing Pvt. Ltd.,काठमाडौँ 44600,,काठमाडौँ,44600,+9779851082648,NP,https://manakamanasteel.com.np,info@manakamanasteel.com.np,+9779851082648,null,false,false,false,null,,false,false,null,
Mangalam Pipes - 1st CPVC Manufacturer of Nepal,काठमाडौँ 44600,,काठमाडौँ,44600,+97715341724,NP,https://mangalamindustries.com,contact@mangalamindustries.com,+97715341724,null,false,false,false,null,,false,false,null,
JP Engineering and construction pvt. ltd.,"University Path, काठमाडौँ 44600",University Path,काठमाडौँ,44600,+9779844375434,NP,https://jpec.com.np,null,null,null,false,false,false,null,,false,false,null,
कृषि सामग्री कम्पनी लि.,काठमाडौँ 00977,,काठमाडौँ,00977,+97714279717,NP,https://kscl.gov.np,headoffice@kscl.gov.np,+NP056057050590505050570505605705059050505057050560570505905050590505705605705059050505905058,null,false,false,false,null,,false,false,null,
Nepal Tea Development Corporation,काठमाडौँ 44600,,काठमाडौँ,44600,+97715332271,NP,https://ntdc.com.np,null,null,null,false,false,false,null,,false,false,null,
प्राइम केबल ईन्डष्ट्रिज प्रा. लि. (प्रिमा केबल),"Tahagalli, Sundhara Bhotebahal, Near Machinery & Electric Pvt. Ltd, काठमाडौँ 44600","Tahagalli, Sundhara Bhotebahal, Near Machinery & Electric Pvt. Ltd",काठमाडौँ,44600,+9779802792603,NP,https://primecables.com.np,sales.primecable@gmail.com,+97721576429,null,false,false,false,null,,false,false,null,
Nepcool Industries | Cold Room & Transport Refrigeration,"Chendevi Chowk, Beside A one workshop Near Kedar Market, काठमाडौँ 44600","Chendevi Chowk, Beside A one workshop Near Kedar Market",काठमाडौँ,44600,+97714314617,NP,https://nepcool.com.np,null,null,null,false,false,false,null,,false,false,null,
Comtech Group Co.Pvt.Ltd,"3rd Floor, Shop no. 4A-2, Computer Bazzar, काठमाडौँ 44600","3rd Floor, Shop no. 4A-2, Computer Bazzar",काठमाडौँ,44600,+97714523161,NP,https://comtechgroup.com.np,null,null,null,false,false,false,null,,false,false,null,
Lost Horizon Handicraft (Felt Manufacturer & Exporter in Nepal),"Thankot Football Chaur Godham, चन्द्रागिरी",Thankot Football Chaur Godham,चन्द्रागिरी,null,+9779869833009,NP,https://losthorizonhandicraft.com,null,null,null,false,false,false,null,,false,false,null,
एड्भान्स ग्रुप अफ कम्पनिज,"M8PP+R5R, Shankhamul Marga, काठमाडौँ 44600","M8PP+R5R, Shankhamul Marga",काठमाडौँ,44600,+97714782005,NP,https://advancegroup.com.np,null,null,null,false,false,false,null,,false,false,null,
Forall Manufacturing Pvt. Ltd,ललितपुर 44600,,ललितपुर,44600,+9779860074126,NP,https://forallmanufacturing.com,contact@forallmanufacturing.com,+9779860741260,null,false,false,false,null,,false,false,null,
Litmus Cables,"Ramesh Tower, Samarpan Marg, काठमाडौँ 44600","Ramesh Tower, Samarpan Marg",काठमाडौँ,44600,+9779801914455,NP,https://litmus.com.np,litmus@rameshcorp.com,+97771540328,null,false,false,false,null,,false,false,null,
नेपाल सौर्य बिद्युत उत्पादक संघ,"P7CV+FG4, काठमाडौँ 44600",P7CV+FG4,काठमाडौँ,44600,+9779851071034,NP,https://semannepal.org.np,seman@ntc.net.np,+97714532103,null,false,false,false,null,,false,false,null,
Sarbottam Cement Limited,"Neupane Tower, 5th Floor, काठमाडौँ 44600","Neupane Tower, 5th Floor",काठमाडौँ,44600,+97714111942,NP,https://sarbottamcement.com,info@sarbottamcement.com,+97714117502,null,false,false,false,null,,false,false,null,
Ghorahi Cement Industry Pvt. Ltd.,"Trade Tower, 6th Floor, काठमाडौँ 44600","Trade Tower, 6th Floor",काठमाडौँ,44600,+97715111147,NP,https://ghorahicement.com.np,null,null,null,false,false,false,null,,false,false,null,
Studio31 manufacturing company,तारकेश्वर 44600,,तारकेश्वर,44600,+9779813129027,NP,null,null,null,null,false,false,false,null,,false,false,null,
Natureknit Factory,काठमाडौँ 44600,,काठमाडौँ,44600,+97715210040,NP,https://natureknit.com,info@natureknit.com,+9779705888818,+9779705888818,false,false,false,null,,false,false,null,
Qmed formulation Pvt Ltd.,काठमाडौँ 44600,,काठमाडौँ,44600,+97714155163,NP,https://qmed.com.np,factory@qmed.com.np,+97715176005,null,false,false,false,null,,false,false,null,
Nepal Aushadhi Ltd.,"नेपाल औषधी लिमिटेड, Madan Bhandari Path, काठमाडौँ 44600","नेपाल औषधी लिमिटेड, Madan Bhandari Path",काठमाडौँ,44600,+97714221512,NP,https://nal.com.np,null,null,null,false,false,false,null,,false,false,null,
Eco Garment,काठमाडौँ 44600,,काठमाडौँ,44600,+9779842774955,NP,null,null,null,null,false,false,false,null,,false,false,null,
Grey studio Garment industry,"Dhungadhara Jambo dadha, mega bank, काठमाडौँ 44600","Dhungadhara Jambo dadha, mega bank",काठमाडौँ,44600,+9779822770827,NP,null,null,null,null,false,false,false,null,,false,false,null,
RR GARMENT,काठमाडौँ 44600,,काठमाडौँ,44600,+9779845872809,NP,https://rrgarments.com,null,null,null,false,false,false,null,,false,false,null,
Creative Touch Garment Industry,"Ropeway Sadak Khusibun, काठमाडौँ 44600",Ropeway Sadak Khusibun,काठमाडौँ,44600,+97714970331,NP,https://creativetouchfashion.com,null,null,null,false,false,false,null,,false,false,null,
Paal Apparel Private Limited.,"Balbhadra Marga, काठमाडौँ 44600",Balbhadra Marga,काठमाडौँ,44600,+97715908480,NP,null,null,null,null,false,false,false,null,,false,false,null,
Hana Garment Pvt.Ltd,काठमाडौँ 44600,,काठमाडौँ,44600,+9779803797132,NP,https://hanagarment.com,hana1garment@gmail.com,+9779817249205,null,false,false,false,null,,false,false,null,
"P.G. GARMENT EXPORTER, MANUFACTURER","P876+739, JP Rd, काठमाडौँ 44600","P876+739, JP Rd",काठमाडौँ,44600,+97714258346,NP,null,null,null,null,false,false,false,null,,false,false,null,
Outfit Creation and garment industry (factory),"Milantol, काठमाडौँ 44600",Milantol,काठमाडौँ,44600,+9779843603575,NP,https://outfitcreation.com,null,null,null,false,false,false,null,,false,false,null,
Profabrics Nepal (Garment),"M993+J7, काठमाडौँ 44600",M993+J7,काठमाडौँ,44600,+9779825313413,NP,null,null,null,null,false,false,false,null,,false,false,null,
Dokpa Garment,"Old Samyukta Buspark, Bhangal, Budanilkantha Municipality, Ward No. 8, बुढानीलकण्ठ 44600","Old Samyukta Buspark, Bhangal, Budanilkantha Municipality, Ward No. 8",बुढानीलकण्ठ,44600,+9779851084886,NP,https://dokpagarment.com,null,null,null,false,false,false,null,,false,false,null,
TRANCE TRIP GARMENT,"P886+H36, चाक्सीवारी मार्ग, काठमाडौँ 44600","P886+H36, चाक्सीवारी मार्ग",काठमाडौँ,44600,+97714418751,NP,https://trancetrip.com.np,ttgipl@trancetrip.com.np,null,null,false,false,false,null,,false,false,null,
Nepal Fashion Pvt Ltd,काठमाडौँ 44621,,काठमाडौँ,44621,+97714481577,NP,null,null,null,null,false,false,false,null,,false,false,null,
Orchid Fashion Pvt. Ltd Garment Manufacturer,44600,,,44600,+9779851002441,NP,null,null,null,null,false,false,false,null,,false,false,null,
Shiva Shakti Garments pvt ltd,"Unnamed Road, काठमाडौँ 44600",Unnamed Road,काठमाडौँ,44600,+9779851082151,NP,https://nepalgarments.com,nepalgarments2010@gmail.com,+9779851082151,+9779851082151,false,false,false,null,,false,false,null,
garment factory,काठमाडौँ 44600,,काठमाडौँ,44600,+9779880246468,NP,null,null,null,null,false,false,false,null,,false,false,null,
LadiesLand Wholesale Clothing Store,"44602, काठमाडौँ 44602",44602,काठमाडौँ,44602,+9779841493286,NP,null,null,null,null,false,false,false,null,,false,false,null,
"Pure Nepalaya Made ( hand made clothing product, knitwear, hat, jackets in Nepal)","Naya Bazaar Road, Naya Baazar Road, Thamel, Kathmandu 00977","Naya Bazaar Road, Naya Baazar Road, Thamel",Kathmandu,00977,+9779841705896,NP,null,null,null,null,false,false,false,null,,false,false,null,
My Nepal Factory,"Khusibu-17, काठमाडौँ 44600",Khusibu-17,काठमाडौँ,44600,+97714988080,NP,https://mynepalfactory.com,mynepalfactory@gmail.com,+97714388080,null,false,false,false,null,,false,false,null,
Fitwell Garment Udhyog Pvt. Ltd.,"Ramkot-6, नागार्जुन 44600",Ramkot-6,नागार्जुन,44600,+97715212050,NP,https://fitwellnepal.com,fitwellsportswear@gmail.com,+9779864065630,null,false,false,false,null,,false,false,null,
RSS Lotus Creation Garment Pvt. Ltd.,"M8WX+394, काठमाडौँ 44600",M8WX+394,काठमाडौँ,44600,+9779801067897,NP,null,null,null,null,false,false,false,null,,false,false,null,
Caravan Garment manufacturers Private Limited,"Caravan Lane, M99C+72G Balkot, Road, 44811","Caravan Lane, M99C+72G Balkot, Road",,44811,+9779841017539,NP,https://caravan.com.np,caravanreadymade@yahoo.com,+NP88196603,null,false,false,false,null,,false,false,null,
Better Looks Garment,"Bhagwan Pau, काठमाडौँ 44600",Bhagwan Pau,काठमाडौँ,44600,+9779810153548,NP,null,null,null,null,false,false,false,null,,false,false,null,
Garment manufacturer nepal (GMN),"P882+PPP, Khusibu Sadak, काठमाडौँ 44600","P882+PPP, Khusibu Sadak",काठमाडौँ,44600,+9779869724480,NP,null,null,null,null,false,false,false,null,,false,false,null,
Hamsa Wears Pvt. Ltd.,"Bafal Marg, काठमाडौँ 44600",Bafal Marg,काठमाडौँ,44600,+9779846050100,NP,null,null,null,null,false,false,false,null,,false,false,null,
Garment Sewa,"15 स्वयम्भु मार्ग, काठमाडौँ 44600",15 स्वयम्भु मार्ग,काठमाडौँ,44600,+9779823394469,NP,https://gaarment.com,info@gaarment.com,+9779823394469,+9779823394469,false,false,false,null,,false,false,null,
Rastriya Poshak Ghar राष्ट्रिय पोशाक घर ®,Baneswor-31,,Baneswor,31,+97715914760,NP,https://rastriyaposhakghar.com,info@rastriyaposhakghar.com,+9779851160503,null,false,false,false,null,,false,false,null,
D & G jeans garment,"Khusibu Sadak, काठमाडौँ 44600",Khusibu Sadak,काठमाडौँ,44600,+9779851123173,NP,null,null,null,null,false,false,false,null,,false,false,null,
Logo Fashion Industries,"Jhamsikhel Road, ललितपुर 44700",Jhamsikhel Road,ललितपुर,44700,+9779802072335,NP,https://logoindustriesgroup.com,null,null,null,false,false,false,null,,false,false,null,
काठमाडौं वस्त्र,"House Number 193, Ganesh Basti, चक्रपथ, काठमाडौँ 44600","House Number 193, Ganesh Basti, चक्रपथ",काठमाडौँ,44600,+97714720487,NP,https://kathmanduclothing.com,info@kathmanduclothing.com,null,null,false,false,false,null,,false,false,null,
Nepalaya Store - Garment Factory Kathmandu,"Milan Chowk Marga, काठमाडौँ 44600",Milan Chowk Marga,काठमाडौँ,44600,+9779861789190,NP,null,null,null,null,false,false,false,null,,false,false,null,
Garments in Kathmandu nepal,"Chandragiri Municipality, Satungal-11, काठमाडौँ 44600","Chandragiri Municipality, Satungal-11",काठमाडौँ,44600,+97714310818,NP,https://garmentsinkathmandu.com,info@garmentsinkathmandu.com,+97714310818,null,false,false,false,null,,false,false,null,
Rasulaya Nepal Pvt. Ltd.,"P7CX+J8G 2 minute from AVM School, काठमाडौँ 44600",P7CX+J8G 2 minute from AVM School,काठमाडौँ,44600,+9779862426591,NP,null,null,null,null,false,false,false,null,,false,false,null,
AN Nepal Clothes Supplier,"P78W+JJM, काठमाडौँ 44600",P78W+JJM,काठमाडौँ,44600,+9779803405049,NP,null,null,null,null,false,false,false,null,,false,false,null,
फैशन रचना नेपाल,"P876+872, चाक्सीवारी मार्ग, काठमाडौँ 44600","P876+872, चाक्सीवारी मार्ग",काठमाडौँ,44600,+97714244074,NP,null,null,null,null,false,false,false,null,,false,false,null,
लोगो फेशन इंडस्ट्रीज,"M8PP+735, Shankhamul Marga, काठमाडौँ 44600","M8PP+735, Shankhamul Marga",काठमाडौँ,44600,+9779802072336,NP,null,null,null,null,false,false,false,null,,false,false,null,
Young Forever Pvt. Ltd,"Ramkot, PaneruGaun 000977",Ramkot,PaneruGaun,000977,+97715314637,NP,https://youngforever.com.np,null,null,null,false,false,false,null,,false,false,null,
Fashion Factory Nepal Sorakhutte,काठमाडौँ 44600,,काठमाडौँ,44600,+9779864831830,NP,null,null,null,null,false,false,false,null,,false,false,null,
Thread Garment,"Bhandari Rd, 44600",Bhandari Rd,,44600,+9779851025760,NP,https://threadgarment.com.np,null,null,null,false,false,false,null,,false,false,null,
Logo Fashion Industries Pvt. Ltd.,"भक्तपुर औधोगिक क्षेत्र, भक्तपुर 44800",भक्तपुर औधोगिक क्षेत्र,भक्तपुर,44800,+97716635170,NP,https://logoindustriesgroup.com,null,null,null,false,false,false,null,,false,false,null,
नेपाल तयारी पोसाक संध,"Sankhamul Marg, काठमाडौँ 44600",Sankhamul Marg,काठमाडौँ,44600,+97714790691,NP,https://ganasso.org.np,ganasso2011@gmail.com,+97714790691,null,false,false,false,null,,false,false,null,
Unique Clothing Nepal,"Chibahal, काठमाडौँ 44006",Chibahal,काठमाडौँ,44006,+9779843383124,NP,null,null,null,null,false,false,false,null,,false,false,null,
एभरेष्ट फेशन,"Khumaltar Height Marg, ललितपुर 44600",Khumaltar Height Marg,ललितपुर,44600,+97715525187,NP,null,null,null,null,false,false,false,null,,false,false,null,
नेपाल टी शर्ट छापा,"Chandra Vinayak Marg, काठमाडौँ 44600",Chandra Vinayak Marg,काठमाडौँ,44600,+9779851057356,NP,https://promotionalgiftnepal.com,null,null,null,false,false,false,null,,false,false,null,
Niraja Apparels,"M8RX+53C, Kumud Devkota Marga, काठमाडौँ 44600","M8RX+53C, Kumud Devkota Marga",काठमाडौँ,44600,+9779841585814,NP,https://nirajaapparels.wordpress.com,null,+NP9841585814985114843,null,false,false,false,null,,false,false,null,
Nepalese Clothing,"सात घुम्ती मार्ग, Chwok 44600",सात घुम्ती मार्ग,Chwok,44600,+97714701577,NP,null,null,null,null,false,false,false,null,,false,false,null,
Vistaar Trade Pvt Ltd,"Near, काठमाडौँ 44600",Near,काठमाडौँ,44600,+9779805372400,NP,https://vistaartrade.com,salin2701@gmail.com,+9779822783677,null,false,false,false,null,,false,false,null,
Shivapuri Fabric,"Sairam marga, टोखा 44600",Sairam marga,टोखा,44600,+9779851002397,NP,https://shivapurifabric.com,null,null,null,false,false,false,null,,false,false,null,
Sashi Garment & Accessories Export,"P8C2+598, Khusibu Sadak, काठमाडौँ 44600","P8C2+598, Khusibu Sadak",काठमाडौँ,44600,+97714414270,NP,null,null,null,null,false,false,false,null,,false,false,null,
ROBHA® (Hospitality Uniform/Linen),"300 mtr. banasthali chok bata, Bhagwan Pau Jani Bato, काठमाडौँ 44611","300 mtr. banasthali chok bata, Bhagwan Pau Jani Bato",काठमाडौँ,44611,+9779849063259,NP,https://robhanepal.com,robhanepal@gmail.com,+9779849063259,null,false,false,false,null,,false,false,null,
FiBRO,"29 Dillibazar Road, काठमाडौँ 44600",29 Dillibazar Road,काठमाडौँ,44600,+9779848769889,NP,null,null,null,null,false,false,false,null,,false,false,null,
Saakaar Readymade Udhyog,"Chandragiri-12, Kathmandu 44600",Chandragiri-12,Kathmandu,44600,+9779851147585,NP,https://saakaarapparels.com,null,null,null,false,false,false,null,,false,false,null,
Sujha Traders & Exports,"F082, काठमाडौँ 44601",F082,काठमाडौँ,44601,+9779851024784,NP,https://sujhatraders.com,null,null,null,false,false,false,null,,false,false,null,
Kamrul Garment factory,काठमाडौँ 44600,,काठमाडौँ,44600,+9779828013296,NP,null,null,null,null,false,false,false,null,,false,false,null,
Factory wears,"M9P7+R9Q, Bhaktapur Road, काठमाडौँ 44600","M9P7+R9Q, Bhaktapur Road",काठमाडौँ,44600,+9779860536976,NP,null,null,null,null,false,false,false,null,,false,false,null,
Deep Garment Pvt. Ltd.,"M993+GFW, काठमाडौँ 44600",M993+GFW,काठमाडौँ,44600,+9779803563829,NP,null,null,null,null,false,false,false,null,,false,false,null,
S.K. Handicrafts Export .FAIR TRADE Cashmere Company,"Amrit Marg 44600, 44600",Amrit Marg 44600,,44600,+97715355372,NP,https://skhandicraftnepal.com,skhandicrafts2006@gmail.com,null,null,false,false,false,null,,false,false,null,
Jacket Factory,"M7VM+C8M Jacket Factory, काठमाडौँ 44600",M7VM+C8M Jacket Factory,काठमाडौँ,44600,+9779827792797,NP,null,null,null,null,false,false,false,null,,false,false,null,
Platinum exclusive garment,Kathmandu 44800,,Kathmandu,44800,+9779851073094,NP,null,null,null,null,false,false,false,null,,false,false,null,
Kapas T-shirts (Manufacturer and Distributor),काठमाडौँ 44600,,काठमाडौँ,44600,+97714983359,NP,https://kapas.com.np,kapas.tees@gmail.com,+9779841312054,+9779841312054,false,false,false,null,,false,false,null,
स्वागत उद्यम,"House No.276/9,1st Floor, सिद्धिदास मार्ग, काठमाडौँ 44600","House No.276/9, 1st Floor, सिद्धिदास मार्ग",काठमाडौँ,44600,+9779841928533,NP,https://welcomeenterprises.com.np,info@welcomeenterprises.com.np,+9779841813426,null,false,false,false,null,,false,false,null,
Evan - Best Men's Clothing Store in Kathmandu,"P869+649, Durbar Marg, काठमाडौँ 44600","P869+649, Durbar Marg",काठमाडौँ,44600,+9779851358803,NP,https://evanmens.com,evanmenzwear@gmail.com,+9779851358803,null,false,false,false,null,,false,false,null,
Wholesale clothing supplier all over Nepal,"223 Gopha Marg, काठमाडौँ 44600",223 Gopha Marg,काठमाडौँ,44600,+9779818810403,NP,null,null,null,null,false,false,false,null,,false,false,null,
Fabric World Nepal,"वटु मार्ग, काठमाडौँ 44600",वटु मार्ग,काठमाडौँ,44600,+9779803521800,NP,null,null,null,null,false,false,false,null,,false,false,null,
Naya Nepal Collection & Export Pvt. Ltd.,काठमाडौँ 44600,,काठमाडौँ,44600,+9779851355708,NP,https://kathmanducollections.com,null,null,null,false,false,false,null,,false,false,null,
शहर जीन्स,"P836+G4Q, काठमाडौँ 44600",P836+G4Q,काठमाडौँ,44600,+97714223667,NP,null,null,null,null,false,false,false,null,,false,false,null,
ELW Nepal,"पकनाजोल मार्ग, काठमाडौँ 44600",पकनाजोल मार्ग,काठमाडौँ,44600,+9779803984457,NP,https://localwomenshandicrafts.com,null,null,null,false,false,false,null,,false,false,null,
The Factory Outlet (TFO),"Sinamangal Rd, काठमाडौँ 44600",Sinamangal Rd,काठमाडौँ,44600,+9779823555180,NP,null,null,null,null,false,false,false,null,,false,false,null,
Cashmere Heaven,"कर्मचारी सञ्चय कोष भवन, 214, त्रिदेवी सडक, काठमाडौँ 44600","कर्मचारी सञ्चय कोष भवन, 214, त्रिदेवी सडक",काठमाडौँ,44600,+9779841022629,NP,https://cashmereheaven.com,info@cashmereheaven.com,null,null,false,false,false,null,,false,false,null,
JAPHOO,"P876+739, JP Rd, काठमाडौँ 44600","P876+739, JP Rd",काठमाडौँ,44600,+97715916675,NP,null,null,null,null,false,false,false,null,,false,false,null,
Lamuse Clothing,"Banasthali, काठमाडौँ 44600",Banasthali,काठमाडौँ,44600,+9779804957889,NP,null,null,null,null,false,false,false,null,,false,false,null,
Kurti Plus - Kurti Wholesaler in Kathmandu,"Shop No. 086, Phasikyeb, अद्वैत मार्ग, काठमाडौँ 44600","Shop No. 086, Phasikyeb, अद्वैत मार्ग",काठमाडौँ,44600,+9779802074712,NP,null,null,null,null,false,false,false,null,,false,false,null,
नेपाल को नम्बर १ शर्टिंग र सूटिंग,"chaya devi complex, काठमाडौँ 44600",chaya devi complex,काठमाडौँ,44600,+9779851091293,NP,https://mdsbespoketailor.com,contact@mdsbespoketailor.com,+9779851091293,null,false,false,false,null,,false,false,null,
आनन्दित पहनता,"29 पर्यटन मार्ग, काठमाडौँ 44600",29 पर्यटन मार्ग,काठमाडौँ,44600,+97714700835,NP,https://rejoicewears.com,null,null,null,false,false,false,null,,false,false,null,
Ajmera Fashion Nepal,काठमाडौँ 44600,,काठमाडौँ,44600,+9779820815815,NP,https://ajmerafashion.com,null,+918849429440,null,false,false,false,null,,false,false,null,
S & S Garment Factory,"P989+GWX, गोकर्णेश्वर 44600",P989+GWX,गोकर्णेश्वर,44600,+9779847278887,NP,null,null,null,null,false,false,false,null,,false,false,null,
"Feminista Clothing, Nepal","बौद्धनाथ सडक, काठमाडौँ 44600",बौद्धनाथ सडक,काठमाडौँ,44600,+9779803364780,NP,https://feministaclothing.com,feministaclothingnepal@gmail.com,+9779803364780,null,false,false,false,null,,false,false,null,
नेपाल ऊल हाउस,"चित्तधर मार्ग, काठमाडौँ 44600",चित्तधर मार्ग,काठमाडौँ,44600,+97715324745,NP,null,null,null,null,false,false,false,null,,false,false,null,
AN Nepal Clothes Supplier,काठमाडौँ 44600,,काठमाडौँ,44600,+9779803405049,NP,null,null,null,null,false,false,false,null,,false,false,null,
Rebira,"Valley Cold Store, काठमाडौँ 44600",Valley Cold Store,काठमाडौँ,44600,+9779801039083,NP,https://rebira.com,info@brandbucket.com,+13233930684,null,false,false,false,null,,false,false,null,
Snowcap Fashion Crafts Pvt. Ltd. - Wholesale Handicrafts & Garments,"Paiyatar Tarakeshwor-6, 44600",Paiyatar Tarakeshwor-6,,44600,+9779849469526,NP,https://snowcap-nepal.com,info@snowcap-nepal.com,+9779849469526,null,false,false,false,null,,false,false,null,
Diamond Knitland,"305 स्वयम्भु मार्ग, काठमाडौँ 44600",305 स्वयम्भु मार्ग,काठमाडौँ,44600,+9779851024416,NP,https://diamondknitland.com,biju@diamondknitland.com,+9779851024416,null,false,false,false,null,,false,false,null,
रिलायन्स स्पिनिङ मिल्स लिमिटेड,"Ameer Bhawan, 4th Floor Ganeshsthan, काठमाडौँ 44600","Ameer Bhawan, 4th Floor Ganeshsthan",काठमाडौँ,44600,+97714241853,NP,https://reliancespinningnepal.com,info@reliancespinningnepal.com,+97715341853,null,false,false,false,null,,false,false,null,
Nepal Pashmina Industry,"रेडक्रस सडक, काठमाडौँ 44600",रेडक्रस सडक,काठमाडौँ,44600,+97715373292,NP,null,null,null,null,false,false,false,null,,false,false,null,
PASSION FASHION,"मख: गल्ली, काठमाडौँ 44600",मख: गल्ली,काठमाडौँ,44600,+97715349295,NP,null,null,null,null,false,false,false,null,,false,false,null,
Moringa Garment And Traders PVT LTD,"Bagmati, काठमाडौँ 44600",Bagmati,काठमाडौँ,44600,+9779861344799,NP,null,null,null,null,false,false,false,null,,false,false,null,
Eve - Best Women's Clothing Store in Kathmandu,"P876+PGW, Thamel Marg, काठमाडौँ 44600","P876+PGW, Thamel Marg",काठमाडौँ,44600,+9779846205022,NP,https://evewomens.com,evaneveofficial@gmail.com,+9779846205022,null,false,false,false,null,,false,false,null,
VIRJEANS (Clothing Brand Store),"Chinka Aata, काठमाडौँ 44600",Chinka Aata,काठमाडौँ,44600,+97715713732,NP,https://virjeans.com.np,virjeanscollection@gmail.com,+97715713732,+9779810080420,false,false,false,null,,false,false,null,
खेल अन्तर्राष्ट्रिय टुट्नु,"ठमेल मार्ग, काठमाडौँ 44600",ठमेल मार्ग,काठमाडौँ,44600,+97714544085,NP,https://hi-himal.com,info@hi-himal.com,+9779803266625,+9779808967742,false,false,false,null,,false,false,null,
OO-TO The Cashmere Store - Lazimpat (Previously Known as Tara Oriental),काठमाडौँ 44600,,काठमाडौँ,44600,+9779851156288,NP,https://oo-to.com,anushka@taraoriental.com,null,null,false,false,false,null,,false,false,null,
Human Fit Craft - Jamal,"Shop no 7, Biswojyoti Mall, Central Region, Jamal Rd, काठमाडौँ 44600","Shop no 7, Biswojyoti Mall, Central Region, Jamal Rd",काठमाडौँ,44600,+97715326077,NP,https://humanfitcraft.com,info@humanfitcraft.com,+97715326077,null,false,false,false,null,,false,false,null,
Hemp in Nepal Pvt. Ltd.,"Khusibu Sadak, काठमाडौँ 44600",Khusibu Sadak,काठमाडौँ,44600,+9779869006393,NP,https://hempinnepal.com,hempinnepal@gmail.com,+97714364786,+9779869006393,false,false,false,null,,false,false,null,
Dia Pacific Uniform Suppliers,"Opposite B.C. Pustak Pasal, डिल्लीबजार मार्ग, 44605","Opposite B.C. Pustak Pasal, डिल्लीबजार मार्ग",,44605,+97714528967,NP,null,null,null,null,false,false,false,null,,false,false,null,
KTM CTY - Durbar Marg,"दरवार मार्ग, काठमाडौँ 44600",दरवार मार्ग,काठमाडौँ,44600,+97714232592,NP,https://ktmcty.com,null,null,null,false,false,false,null,,false,false,null,
भद्रकाली स्पोर्टस & जेनेरल सप्लायर्स,"Bhadrakali Road, काठमाडौँ 44600",Bhadrakali Road,काठमाडौँ,44600,+97714256700,NP,null,null,null,null,false,false,false,null,,false,false,null,
जादू प्रिंट,"निष्ठानन्द मार्ग, काठमाडौँ 44600",निष्ठानन्द मार्ग,काठमाडौँ,44600,+9779801205749,NP,null,null,null,null,false,false,false,null,,false,false,null,
Adapt Nepal Clothing,"Bhagwati Temple, काठमाडौँ 44600",Bhagwati Temple,काठमाडौँ,44600,+9779808250743,NP,null,null,null,null,false,false,false,null,,false,false,null,
पहाड गियर कारोबार प्राइवेट लिमिटेड,"नरसिंह चोक मार्ग, काठमाडौँ 44600",नरसिंह चोक मार्ग,काठमाडौँ,44600,+97714516996,NP,https://mountaingeartrading.com,sales@mountaingeartrading.com,+97714516996,+9779851074921,false,false,false,null,,false,false,null,
Unio Exports,"TARKESHWOR 5 LOLANG, काठमाडौँ 44600",TARKESHWOR 5 LOLANG,काठमाडौँ,44600,+9779841385232,NP,https://unioexports.com,unioganesh@gmail.com,+9779841385232,+9779841385232,false,false,false,null,,false,false,null,
LOGO - Made in Nepal,"P84G+64M, काठमाडौँ 44600",P84G+64M,काठमाडौँ,44600,+9779802072334,NP,https://logo-madeinnepal.com,null,null,null,false,false,false,null,,false,false,null,
Nepal Pasta Food Company (Barari),"Haatigauda Chowk, Budanilkhanta-7, काठमाडौँ 44600","Haatigauda Chowk, Budanilkhanta-7",काठमाडौँ,44600,+9779851165029,NP,https://barari.com.np,nepalpastafoodcompany@gmail.com,+97714720896,null,false,false,false,null,,false,false,null,
Nepali Mann Udhyog,"Santinagar, तारकेश्वर 44600",Santinagar,तारकेश्वर,44600,+9779851058268,NP,null,null,null,null,false,false,false,null,,false,false,null,
Shree Dry Food - Organic & Dried Food Delivery in Kathmandu,"thulobharyang, काठमाडौँ 44601",thulobharyang,काठमाडौँ,44601,+9779848048692,NP,https://shreedryfood.com.np,info@example.com,null,null,false,false,false,null,,false,false,null,
खाद्य ब्याबस्था तथा व्यापार कम्पनी लिमिटेड - बागमती प्रादेशिक कार्यालय,"M8V9+GRQ, थापाथली रोड, काठमाडौँ 44600","M8V9+GRQ, थापाथली रोड",काठमाडौँ,44600,+97714228365,NP,https://fmtc.org.np,info@fmtc.org.np,+97715348891,null,false,false,false,null,,false,false,null,
Smart Food & Snacks Pvt. Ltd.,"M8W4+M3F Ambe Complex, Bhairav Road, काठमाडौँ 44600","M8W4+M3F Ambe Complex, Bhairav Road",काठमाडौँ,44600,+9779802058038,NP,https://smartfood.com.np,null,null,null,false,false,false,null,,false,false,null,
सिद्धि विनायक खाद्य उत्पादन,"44611, चक्रपथ, काठमाडौँ","44611, चक्रपथ",काठमाडौँ,null,+97771562052,NP,https://siddhivinayakfoods.com,null,null,null,false,false,false,null,,false,false,null,
Hilife Agro and Foods Industries Limited,"03 Samakhushi - Ranibari Rd, काठमाडौँ 44611",03 Samakhushi - Ranibari Rd,काठमाडौँ,44611,+9779802655539,NP,https://hilifefoods.com.np,feedback@hilifefoodsnepal.com,+9779802302186,null,false,false,false,null,,false,false,null,
The General Foods Industry,काठमाडौँ 44600,,काठमाडौँ,44600,+9779807969433,NP,null,null,null,null,false,false,false,null,,false,false,null,
SM Foods And Trading,काठमाडौँ 44600,,काठमाडौँ,44600,+9779843849404,NP,null,null,null,null,false,false,false,null,,false,false,null,
Urban Food Office,"Bluebird Complex, काठमाडौँ 44600",Bluebird Complex,काठमाडौँ,44600,+97715901144,NP,https://theurbanfood.com,null,null,null,false,false,false,null,,false,false,null,
शहरी खाद्य उद्योग प्रा। लिमिटेड,"Thankot - Chitlang - Kulekhani Road, चन्द्रागिरी 44600",Thankot - Chitlang - Kulekhani Road,चन्द्रागिरी,44600,+97714316497,NP,https://theurbanfood.com,null,null,null,false,false,false,null,,false,false,null,
Nepal Food Coorporation नेपाल खाद्य संस्थान,"49 Thapathali Road, काठमाडौँ 44600",49 Thapathali Road,काठमाडौँ,44600,+97714248891,NP,https://fmtc.org.np,info@fmtc.org.np,+97715348891,null,false,false,false,null,,false,false,null,
Urban Mart,"Blue Star Complex, Bluebird, Tripureshwor - 11, काठमाडौँ 44600","Blue Star Complex, Bluebird, Tripureshwor - 11",काठमाडौँ,44600,+9779801167337,NP,https://theurbanfood.com,null,null,null,false,false,false,null,,false,false,null,
KM Food and Processing,"Ahmed Marg, काठमाडौँ 44600",Ahmed Marg,काठमाडौँ,44600,+9779802368401,NP,https://kanomama.com,sales@kanomama.com,+9779851125073,null,false,false,false,null,,false,false,null,
मोर्डन प्याकेजिङ्ग् इण्डष्‍ट्री,"44600, काठमाडौँ",44600,काठमाडौँ,null,+97714950983,NP,null,null,null,null,false,false,false,null,,false,false,null,
आमाको अचार,"Dhakshi, काठमाडौँ 44600",Dhakshi,काठमाडौँ,44600,+9779749497344,NP,https://aamakoachar.com.np,null,+9779767241430,null,false,false,false,null,,false,false,null,
Ganga Jamuna Meats & Foods Processing Pvt. Ltd.,"Q828+593, Road, काठमाडौँ 44600","Q828+593, Road",काठमाडौँ,44600,+9779861610562,NP,null,null,null,null,false,false,false,null,,false,false,null,
Delta packaging and moulding industries pvt. ltd.,काठमाडौँ 00977,,काठमाडौँ,00977,+9779851193537,NP,null,null,null,null,false,false,false,null,,false,false,null,
नयाँ ताजा अनि फ्रोजन फूड्स आपूर्तिकर्ता,"Nirmal Lama Marg, काठमाडौँ 44600",Nirmal Lama Marg,काठमाडौँ,44600,+97714961706,NP,https://pacificfrozenfoods.com,null,null,null,false,false,false,null,,false,false,null,
Danish Food,"Chamati Khusibun Bridge, काठमाडौँ 44600",Chamati Khusibun Bridge,काठमाडौँ,44600,+9779851071369,NP,null,null,null,null,false,false,false,null,,false,false,null,
न्यू ज्ञानेश्‍वर रार्इस एण्ड फ्लोर मिल,"ज्ञानेश्वर मार्ग, काठमाडौँ 44600",ज्ञानेश्वर मार्ग,काठमाडौँ,44600,+97714519534,NP,null,null,null,null,false,false,false,null,,false,false,null,
Shreenagar Agritech Industries Ltd.,"थिरबम सडक, काठमाडौँ 44600",थिरबम सडक,काठमाडौँ,44600,+97714512216,NP,https://safnepal.com,info@safnepal.com,+97714512406,null,false,false,false,null,,false,false,null,
Shiv Shakti Group,"Sahid Shukra Marg, काठमाडौँ 44600",Sahid Shukra Marg,काठमाडौँ,44600,+97714100041,NP,https://shivshaktinepal.com,null,null,null,false,false,false,null,,false,false,null,
Momo Company and Food Production,"26 सामाखुशी मार्ग, काठमाडौँ 44600",26 सामाखुशी मार्ग,काठमाडौँ,44600,+9779810195515,NP,null,null,null,null,false,false,false,null,,false,false,null,
Meatco Food Nepal,काठमाडौँ 44600,,काठमाडौँ,44600,+97714992965,NP,null,null,null,null,false,false,false,null,,false,false,null,
N.S. Food and Packaging Udhyog,"P9R2+5MR, Ekatabasti Mandikhatar, बुढानीलकण्ठ 44600","P9R2+5MR, Ekatabasti Mandikhatar",बुढानीलकण्ठ,44600,+9779849430164,NP,null,null,null,null,false,false,false,null,,false,false,null,
Bhojan Nepal,"चक्रपथ, काठमाडौँ 44600",चक्रपथ,काठमाडौँ,44600,+97714958785,NP,https://bhojannepal.com,bhojannp@gmail.com,+9779823516922,+9779823516922,false,false,false,null,,false,false,null,
अमृतभोग पार्टि पालेस,"P83G+JCW, Kalika Marg, काठमाडौँ 44600","P83G+JCW, Kalika Marg",काठमाडौँ,44600,+97714513512,NP,null,null,null,null,false,false,false,null,,false,false,null,
वैली कोल्ड स्टोर प्रा. लि.,काठमाडौँ 44600,,काठमाडौँ,44600,+97715970370,NP,https://valleycoldstore.com.np,business@valleycoldstore.com.np,+9779851247506,+9779851247451,false,false,false,null,,false,false,null,
Basket Agro Industry,काठमाडौँ 44600,,काठमाडौँ,44600,+9779851054900,NP,null,null,null,null,false,false,false,null,,false,false,null,
दुग्ध विकास संस्थान (डिडिसी डेरी),"P888+W4V, काठमाडौँ 44600",P888+W4V,काठमाडौँ,44600,+97714411710,NP,https://dairydev.com.np,null,null,null,false,false,false,null,,false,false,null,
मित्र खाद्य उद्योग,"M85V+HMW, F072",M85V+HMW,F,072,+97715203405,NP,null,null,null,null,false,false,false,null,,false,false,null,
एक्वा वर्ल्ड प्राइभेट लिमिटेड,"Attarkhel Buddha Chowk, काठमाडौँ 00977",Attarkhel Buddha Chowk,काठमाडौँ,00977,+9779851318038,NP,https://aquaworld.com.np,info@aquaworld.com.np,+97715223028,null,false,false,false,null,,false,false,null,
Enclave Food,ललितपुर 44600,,ललितपुर,44600,+9779851323599,NP,null,null,null,null,false,false,false,null,,false,false,null,
Vegan Food and Beverage Production House,"M8H5+H52 Ward No. 3, ललितपुर 44600",M8H5+H52 Ward No. 3,ललितपुर,44600,+9779841694398,NP,null,null,null,null,false,false,false,null,,false,false,null,
Rokayaz industry,"kusanti 13, ललितपुर",kusanti 13,ललितपुर,null,+9779840280570,NP,null,null,null,null,false,false,false,null,,false,false,null,
Arksh Group,"152 Rani Devi Marg, काठमाडौँ 44600",152 Rani Devi Marg,काठमाडौँ,44600,+97714002050,NP,https://arkshgroup.com,info@arkshgroup.com,+97714002049,null,false,false,false,null,,false,false,null,
Grameen Food Processing and Mills,"M783+XR2, चन्द्रागिरी 46618",M783+XR2,चन्द्रागिरी,46618,+9779801121453,NP,null,null,null,null,false,false,false,null,,false,false,null,
Nuwa Estate Coffee Industry Pvt. Ltd.,"Jana Marg, काठमाडौँ 44601",Jana Marg,काठमाडौँ,44601,+9779801037746,NP,https://nuwaestatecoffee.com,info@nuwaestatecoffee.com,+97714374788,null,false,false,false,null,,false,false,null,
Baneshwor Height,"M8RR+JR3 Mid, काठमाडौँ 44600",M8RR+JR3 Mid,काठमाडौँ,44600,+9779818443009,NP,null,null,null,null,false,false,false,null,,false,false,null,
Wellness health foods and products pvt. ltd.,"Sharada Marg, काठमाडौँ 44600",Sharada Marg,काठमाडौँ,44600,+9779801081161,NP,null,null,null,null,false,false,false,null,,false,false,null,
Meat Center,"थिरबम सडक, काठमाडौँ 44600",थिरबम सडक,काठमाडौँ,44600,+9779801910097,NP,https://hygienicmeatcenter.com,null,null,null,false,false,false,null,,false,false,null,
गणेश खाद्य उद्योग,"P82X+57J, काठमाडौँ 44600",P82X+57J,काठमाडौँ,44600,+97711496024,NP,null,null,null,null,false,false,false,null,,false,false,null,
भोक लाग्यो,"राम मन्दिर, काठमाडौँ 44600",राम मन्दिर,काठमाडौँ,44600,+97715970364,NP,https://bhoklagyo.com.np,null,null,null,false,false,false,null,,false,false,null,
Rara karnali Agriculture | Argo and Food Industry,"kritipur, kathmandu 44600",kritipur,kathmandu,44600,+9779840357227,NP,null,null,null,null,false,false,false,null,,false,false,null,
Nepal Tea Development Corporation,काठमाडौँ 44600,,काठमाडौँ,44600,+97715332271,NP,https://ntdc.com.np,info@ntdc.com.np,+97715324074,null,false,false,false,null,,false,false,null,
नेपाल ग्याँस उद्योग प्रा। लिमिटेड,"P854+8X8, गंगालाल मार्ग, काठमाडौँ 44600","P854+8X8, गंगालाल मार्ग",काठमाडौँ,44600,+97714263558,NP,null,null,null,null,false,false,false,null,,false,false,null,
दुगड फूड एण्ड वेभरेज प्रा. लि.,"M7P4+994, H02, चन्द्रागिरी 44600","M7P4+994, H02",चन्द्रागिरी,44600,+97714310363,NP,null,null,null,null,false,false,false,null,,false,false,null,
Kathmandu Organics - Grocery Delivery,"Nursery Ln, काठमाडौँ 44602",Nursery Ln,काठमाडौँ,44602,+97714540130,NP,https://kathmanduorganics.com,null,+9779823874752,null,false,false,false,null,,false,false,null,
KM Food and Processing,,,,null,+9779802368401,NP,https://kanomama.com,sales@kanomama.com,+9779851125073,null,false,false,false,null,,false,false,null,
Everest Vegetables Processing Pvt Ltd,"P8F6+P7F, रायमाझी मार्ग, काठमाडौँ 44600","P8F6+P7F, रायमाझी मार्ग",काठमाडौँ,44600,+9779841486322,NP,null,null,null,null,false,false,false,null,,false,false,null,
"New Road Complex, Ground Floor, New Road","पिपल बोट, नयाँ सडक, काठमाडौँ 44600","पिपल बोट, नयाँ सडक",काठमाडौँ,44600,+97715349644,NP,null,null,null,null,false,false,false,null,,false,false,null,
I Kalu Butchers' Meat Center,"I kalu Tower, शंखमुल मार्ग, काठमाडौँ 44600","I kalu Tower, शंखमुल मार्ग",काठमाडौँ,44600,+97714793939,NP,null,null,null,null,false,false,false,null,,false,false,null,
Chhapadiya Traders,"Kalankisthan Rd, काठमाडौँ 44600",Kalankisthan Rd,काठमाडौँ,44600,+97715919590,NP,https://chhapadiyatraders.com,null,null,null,false,false,false,null,,false,false,null,
Changing Nepal,"Red cross, अनन्तलिङ्गेश्वर 44600",Red cross,अनन्तलिङ्गेश्वर,44600,+9779851131427,NP,https://changingnepal.com.np,changingnepalmachinery@gmail.com,+97715907985,+9779840196002,false,false,false,null,,false,false,null,
Palpash Masala ( Spices ) Industries Pvt. Ltd.,"Dhapashi, Kathmandu, Nepal, काठमाडौँ","Dhapashi, Kathmandu, Nepal",काठमाडौँ,null,+97712171377,NP,null,null,null,null,false,false,false,null,,false,false,null,
Barmandu Delivery,काठमाडौँ 44600,,काठमाडौँ,44600,+9779802088800,NP,https://barmandoo.com.np,null,null,null,false,false,false,null,,false,false,null,
Kabita Fruits Processing Industry,"Depachakhya Marg, ललितपुर 44600",Depachakhya Marg,ललितपुर,44600,+9779749922278,NP,https://kfpi.com.np,info@kfpi.com.np,+9779849909191,null,false,false,false,null,,false,false,null,
संकटा उपभोक्ता सहकारी पसल,"P825+326, Nisthanad Marg, काठमाडौँ 44600","P825+326, Nisthanad Marg",काठमाडौँ,44600,+97714251103,NP,null,null,null,null,false,false,false,null,,false,false,null,
एण्डिज क्याफे,"P847+957 ND's Building, महाबौद्ध मार्ग, काठमाडौँ 44600","P847+957 ND's Building, महाबौद्ध मार्ग",काठमाडौँ,44600,+97714220674,NP,null,null,null,null,false,false,false,null,,false,false,null,
फुडमाण्डु प्रा लि,"P89J+JV6, Padma Marg, काठमाडौँ 44600","P89J+JV6, Padma Marg",काठमाडौँ,44600,+97714544177,NP,https://foodmandu.com,support@foodmandu.com,+9779802034008,null,false,false,false,null,,false,false,null,
क्ष्रेष्ठ ट्रेड मेडिया,"विष्णुमती ट्रयाक सडक, काठमाडौँ 44600",विष्णुमती ट्रयाक सडक,काठमाडौँ,44600,+97715370684,NP,null,null,null,null,false,false,false,null,,false,false,null,
Kathmandu Vegetable Cold Store Pvt. Ltd.,"Gaushala, Pingalasthan -9, काठमाडौँ 44600","Gaushala, Pingalasthan -9",काठमाडौँ,44600,+9779860938702,NP,null,null,null,null,false,false,false,null,,false,false,null,
Farmers Market at Le Sherpa,"P8JH+H3W, काठमाडौँ 44600",P8JH+H3W,काठमाडौँ,44600,+9779801081609,NP,https://swastikgharelu.com.np,info@swastikgharelu.com.np,+9779841234567,null,false,false,false,null,,false,false,null,
जय नेपाल फिस हाउस,"Maitidevi-33,Kathmandu, काठमाडौँ 44600","Maitidevi-33, Kathmandu",काठमाडौँ,44600,+97714545127,NP,null,null,null,null,false,false,false,null,,false,false,null,
दाहाल व्यापार सरोकार,"M8Q7+H26, त्रिपुरा मार्ग, काठमाडौँ 44600","M8Q7+H26, त्रिपुरा मार्ग",काठमाडौँ,44600,+9779851027967,NP,null,null,null,null,false,false,false,null,,false,false,null,
Baral Pickles Kathmandu Nepal,"P88X+JC3, काठमाडौँ 44600",P88X+JC3,काठमाडौँ,44600,+9779862179316,NP,null,null,null,null,false,false,false,null,,false,false,null,
Hakama Sushi Restaurant Koteshwor Kathmandu,"Shubhakamana gate house Number 253, काठमाडौँ 44600",Shubhakamana gate house Number 253,काठमाडौँ,44600,+9779810070402,NP,null,null,null,null,false,false,false,null,,false,false,null,
फुड मारिओ,"M8H8+PGJ, Pulchowk Rd, ललितपुर 44600","M8H8+PGJ, Pulchowk Rd",ललितपुर,44600,+9779801079255,NP,https://foodmario.com,null,null,null,false,false,false,null,,false,false,null,
Mechatronics Engineering(MEPL Nepal) - Process & Machinery Solution in Nepal,"In front of Prabhu Bank, Kathmandu 44600",In front of Prabhu Bank,Kathmandu,44600,+9779851217249,NP,https://meplnepal.com,info@meplnepal.com,+97715245074,+9779851217249,false,false,false,null,,false,false,null,
"Korean Mart, Nepal",काठमाडौँ 44600,,काठमाडौँ,44600,+9779861917476,NP,null,null,null,null,false,false,false,null,,false,false,null,
Khusi Cone Udhyog Pvt Ltd खुसी कोण उध्योग प्रा लि,"7MV7M8GM+RJ, ललितपुर 44600",7MV7M8GM+RJ,ललितपुर,44600,+9779851157198,NP,https://khusicone.blogspot.com,null,+9779860114903,null,false,false,false,null,,false,false,null,
Seoul jib Korean restaurant,"Dasarath Chand Marg, काठमाडौँ 44600",Dasarath Chand Marg,काठमाडौँ,44600,+97714528163,NP,https://seouljib.com,seouljibnepal@gmail.com,+97714528163,+9779851166145,false,false,false,null,,false,false,null,
सियान सीड कम्पनी लि.,"Chandragiri-7, Checkpost, Thankot, Kathmandu 600 m ahead of Checkpost at Chandragiri, locally known as Krishi Office Tole (कृषि अफिस टाेल, Cable Car Road, काठमाडौँ 44619","Chandragiri-7, Checkpost, Thankot, Kathmandu 600 m ahead of Checkpost at Chandragiri, locally known as Krishi Office Tole (कृषि अफिस टाेल, Cable Car Road",काठमाडौँ,44619,+97714310245,NP,https://seanseed.org.np,ssscseed@gmail.com,+9779851344061,+9779851344062,false,false,false,null,,false,false,null,
NAFSCOL कृषि वन,"35 अमरावती मार्ग, काठमाडौँ 44600",35 अमरावती मार्ग,काठमाडौँ,44600,+9779851159630,NP,https://nafscol.com,info@nafscol.com,+9779851159630,null,false,false,false,null,,false,false,null,
New Valley Food Products,,,,null,+9779841424487,NP,null,null,null,null,false,false,false,null,,false,false,null,
एपेक्स फर्मास्युटिकल्स प्रा. लि.,"4th Floor, राधा भवन, Saraswoti Marg, काठमाडौँ 44600","4th Floor, राधा भवन, Saraswoti Marg",काठमाडौँ,44600,+97715365125,NP,https://apexpharma.com.np,info@apexpharma.com.np,+97751529355,null,false,false,false,null,,false,false,null,
लोमस फार्मास्यूटिकल्स प्रा. लि.,"Link Rd gothatar sangam chowk, कागेश्वरी मनोहरा 44600",Link Rd gothatar sangam chowk,कागेश्वरी मनोहरा,44600,+97714990496,NP,https://thelomus.com,info@thelomus.com,+NP01499049601,null,false,false,false,null,,false,false,null,
नेपाल सिआरएस कम्पनी,"P8RC+VJ5, Mahadevvtar, Tokha Road, काठमाडौँ 44600","P8RC+VJ5, Mahadevvtar, Tokha Road",काठमाडौँ,44600,+97714962097,NP,https://crs.org.np,info@crshealthcare.org.np,+97714962097,null,false,false,false,null,,false,false,null,
Pharma X. Nepal Pvt Ltd,"Nagpokhari, काठमाडौँ 44600",Nagpokhari,काठमाडौँ,44600,+9779801966546,NP,https://pharmax.com.np,pharmax@gmail.com,+9779801966546,null,false,false,false,null,,false,false,null,
Shivam Pharmaceutical Limited Corporate office (शिवम फार्मास्यूटिकल),काठमाडौँ 44600,,काठमाडौँ,44600,+97715901039,NP,https://shivampharma.com.np,info@shivampharma.com.np,+97715901039,null,false,false,false,null,,false,false,null,
Om Megashree Pharmaceuticals Limited,"480 Lakhe Chaur Marg, काठमाडौँ 44600",480 Lakhe Chaur Marg,काठमाडौँ,44600,+97715244310,NP,https://ommegashreepharmaceuticals.com,info@ommegashreepharmaceuticals.com,+97715244310,null,false,false,false,null,,false,false,null,
नेशनल हेल्थ केयर प्रा.लि.,"Kamal Pokhari St, काठमाडौँ 44600",Kamal Pokhari St,काठमाडौँ,44600,+97714444878,NP,https://nationalhealthcare.com.np,fdho@nationalhealthcare.com.np,+97751524336,null,false,false,false,null,,false,false,null,
नेपाल फार्मास्युटिकल्स ल्याब प्रा.लि.,"Near, कृष्ण गल्ली, ललितपुर 44600","Near, कृष्ण गल्ली",ललितपुर,44600,+97715429434,NP,https://npl.com.np,nplmkt@npl.com.np,+97715429059,null,false,false,false,null,,false,false,null,
भेगा फर्मास्युटिकल्स प्रा.लि.,"Bhyuti Marg, ललितपुर 44600",Bhyuti Marg,ललितपुर,44600,+97714102826,NP,https://vega.com.np,info@vega.com.np,+97714102826+97714102827,null,false,false,false,null,,false,false,null,
Lotus Pharmaceutical Pvt. Ltd.,"132 Pandol Marga, काठमाडौँ 44600",132 Pandol Marga,काठमाडौँ,44600,+9779808008767,NP,null,null,null,null,false,false,false,null,,false,false,null,
ऐसआर ड्रग्स ल्यावरेटोरीज्,चन्द्रागिरी 44600,,चन्द्रागिरी,44600,+97714312945,NP,https://srdrug.net,info@srdrug.net,+97714223764,null,false,false,false,null,,false,false,null,
Max Pharma Pvt.Ltd,"M8X6+7HX, चाइना टाउन मार्ग, काठमाडौँ 44600","M8X6+7HX, चाइना टाउन मार्ग",काठमाडौँ,44600,+97714212311,NP,null,null,null,null,false,false,false,null,,false,false,null,
Omega Pharmaceuticals Pvt. Ltd.,"P892+C36, काठमाडौँ 44600",P892+C36,काठमाडौँ,44600,+9779851037844,NP,https://omegapharmaceuticals.com.np,info@omegapharmaceuticals.com.np,+9779801299901,null,false,false,false,null,,false,false,null,
Voyager Pharmaceuticals Pvt.Ltd.,"P864+5Q7, काठमाडौँ 44600",P864+5Q7,काठमाडौँ,44600,+9779848722860,NP,null,null,null,null,false,false,false,null,,false,false,null,
Nova Genetica Pvt.Ltd,"P87V+QV5, Muse Ganesh Marg, काठमाडौँ 44600","P87V+QV5, Muse Ganesh Marg",काठमाडौँ,44600,+97714589120,NP,null,null,null,null,false,false,false,null,,false,false,null,
Medihub Pharmaceuticals Pvt. Ltd.,काठमाडौँ 44600,,काठमाडौँ,44600,+97714109191,NP,null,null,null,null,false,false,false,null,,false,false,null,
Jupitor pharma nepal pvt.ltd,"Nayabazar-17, काठमाडौँ 44600",Nayabazar-17,काठमाडौँ,44600,+9779851214310,NP,null,null,null,null,false,false,false,null,,false,false,null,
श्रीराम फार्मा,"P8MJ+Q8C, काठमाडौँ 44600",P8MJ+Q8C,काठमाडौँ,44600,+9779851057298,NP,null,null,null,null,false,false,false,null,,false,false,null,
Orion pharma Nepal,काठमाडौँ 44600,,काठमाडौँ,44600,+9779857077953,NP,null,null,null,null,false,false,false,null,,false,false,null,
Abhicom Pharmaceuticals,"B.med Enterprises Pvt.ltd aloknagar-34, काठमाडौँ 44600",B.med Enterprises Pvt.ltd aloknagar-34,काठमाडौँ,44600,+9779801107733,NP,null,null,null,null,false,false,false,null,,false,false,null,
CE Pharma Pvt Ltd.,"M8WW+R2P, काठमाडौँ 44600",M8WW+R2P,काठमाडौँ,44600,+97714497305,NP,null,null,null,null,false,false,false,null,,false,false,null,
Royal Sasa Pharmaceuticals Nepal Pvt.Ltd.,"Buddha Marg, काठमाडौँ 44600",Buddha Marg,काठमाडौँ,44600,+97715904227,NP,null,null,null,null,false,false,false,null,,false,false,null,
Pharma Info Nepal,काठमाडौँ 44600,,काठमाडौँ,44600,+9779860552890,NP,https://pharmainfonepal.com,pharmainfonepal1@gmail.com,+9779868719471,null,false,false,false,null,,false,false,null,
Alpha Medicine Distributors,"6/154 पाको सडक, काठमाडौँ 44600",6/154 पाको सडक,काठमाडौँ,44600,+97715347176,NP,null,null,null,null,false,false,false,null,,false,false,null,
Arya Pharmalab,"Kamaladi Rd, काठमाडौँ 44600",Kamaladi Rd,काठमाडौँ,44600,+97714223383,NP,null,null,null,null,false,false,false,null,,false,false,null,
सिम्का लेबोरेटोरिज प्रा. लि.,"P826+4CX, Taha Galli, काठमाडौँ 44600","P826+4CX, Taha Galli",काठमाडौँ,44600,+97715904868,NP,https://simcalab.com,simca@mos.com.np,+97715904868,null,false,false,false,null,,false,false,null,
Evolve Pharma Pvt Ltd.,काठमाडौँ 44600,,काठमाडौँ,44600,+9779801030949,NP,null,null,null,null,false,false,false,null,,false,false,null,
MODAK PHARMA SALES PVT LTD,"P82F+R27, काठमाडौँ 44600",P82F+R27,काठमाडौँ,44600,+97714539543,NP,null,null,null,null,false,false,false,null,,false,false,null,
"Alive Pharmaceutical, Liason Office",काठमाडौँ 44600,,काठमाडौँ,44600,+97716916675,NP,null,null,null,null,false,false,false,null,,false,false,null,
Apple International Pharmaceuticals Pvt. Ltd.,काठमाडौँ 44600,,काठमाडौँ,44600,+97715242817,NP,https://appleintlpharma.com,apple.intpharma@gmail.com,+97715242817,null,false,false,false,null,,false,false,null,
जडीबुटी उत्पादन तथा प्रशोधन कं. लि.,"M9G3+6C6, काठमाडौँ 44600",M9G3+6C6,काठमाडौँ,44600,+97714992152,NP,https://hppcl.com.np,info@hppcl.com.np,+97714992149,null,false,false,false,null,,false,false,null,
Nepal Aushadhi Ltd.,"नेपाल औषधी लिमिटेड, Madan Bhandari Path, काठमाडौँ 44600","नेपाल औषधी लिमिटेड, Madan Bhandari Path",काठमाडौँ,44600,+97714221512,NP,https://nal.com.np,dineshbhattarai03@gmail.com,+97715321512,null,false,false,false,null,,false,false,null,
LOMUS House,"P89C+GPP Lomus House, Dhobichour Road, Marg 44600","P89C+GPP Lomus House, Dhobichour Road",Marg,44600,+97714436396,NP,null,null,null,null,false,false,false,null,,false,false,null,
Yetichem Distributors Pvt. Ltd.,"Street 102, काठमाडौँ 44600",Street 102,काठमाडौँ,44600,+97715359356,NP,https://yetichem.com,yetichem@mos.com.np,+9771534335653252441000500,null,false,false,false,null,,false,false,null,
Omnica Laboratories,"72 Jeetjung Marg, काठमाडौँ 44600",72 Jeetjung Marg,काठमाडौँ,44600,+97714440676,NP,https://omnicalab.com,info@omnicalab.com,+97714536683,null,false,false,false,null,,false,false,null,
Accord Pharmaceuticals,"tinkune subidhanagar-32, काठमाडौँ 44700",tinkune subidhanagar-32,काठमाडौँ,44700,+97714111836,NP,null,null,null,null,false,false,false,null,,false,false,null,
Gorkha Ayurved Company Pvt. Ltd,"Tahachal Bagaicha Marg, काठमाडौँ 44600",Tahachal Bagaicha Marg,काठमाडौँ,44600,+97715286873,NP,https://gorkhaayurved.com,null,null,null,false,false,false,null,,false,false,null,
KEVA PHARMACEUTICALS PVT. LTD.,"Panchakanya Marga, काठमाडौँ 44600",Panchakanya Marga,काठमाडौँ,44600,+9779851027438,NP,null,null,null,null,false,false,false,null,,false,false,null,
Aadee Remedies pvt. ltd,"M86W+R42, Imadol Krishna Mandir Rd, 44600","M86W+R42, Imadol Krishna Mandir Rd",,44600,+97715203973,NP,null,null,null,null,false,false,false,null,,false,false,null,
Prakash Pharmacia Pvt.Ltd.,"त्रिपुरा मार्ग, काठमाडौँ 44600",त्रिपुरा मार्ग,काठमाडौँ,44600,+97714100166,NP,https://prakashpharmacia.com,null,null,null,false,false,false,null,,false,false,null,
हुकम फार्मास्युटिकल्स,"M9JR+CXC, मध्यपुर थिमि 44600",M9JR+CXC,मध्यपुर थिमि,44600,+97714430149,NP,null,null,null,null,false,false,false,null,,false,false,null,
Adley Oncology/ALISON PHARMA,"M8PH+7Q3, Bhawana Marg, काठमाडौँ 44600","M8PH+7Q3, Bhawana Marg",काठमाडौँ,44600,+97715911596,NP,null,null,null,null,false,false,false,null,,false,false,null,
Gautam Medicine Suppliers,"गंगालाल मार्ग, काठमाडौँ 44600",गंगालाल मार्ग,काठमाडौँ,44600,+97715354725,NP,null,null,null,null,false,false,false,null,,false,false,null,
AM Healthcare Pvt Ltd,"Unnamed Road, काठमाडौँ 44600",Unnamed Road,काठमाडौँ,44600,+97714519919,NP,https://amgroupnepal.com,null,null,null,false,false,false,null,,false,false,null,
Dabai Nepal Pharma Pvt.Ltd.,"P837+R3C, Mahankal Marg, काठमाडौँ 44600","P837+R3C, Mahankal Marg",काठमाडौँ,44600,+9779819665118,NP,null,null,null,null,false,false,false,null,,false,false,null,
Royal Pharmaceuticals pvt ltd.,"Bijay Chok, काठमाडौँ 44600",Bijay Chok,काठमाडौँ,44600,+97714109272,NP,null,null,null,null,false,false,false,null,,false,false,null,
एलायन्स फर्मास्यूटिकल प्रा लि.,"212 कुलेश्वोर मार्ग, काठमाडौँ 44600",212 कुलेश्वोर मार्ग,काठमाडौँ,44600,+9779845787669,NP,null,null,null,null,false,false,false,null,,false,false,null,
Everest Pharmaceuticals P. Ltd.,भक्तपुर 44800,,भक्तपुर,44800,+97715383717,NP,https://everestpharmaceuticals.com.np,null,+97715386780,null,false,false,false,null,,false,false,null,
National Medicine Laboratory,"M8RH+5XR, काठमाडौँ 44600",M8RH+5XR,काठमाडौँ,44600,+97714781269,NP,https://nml.gov.np,info@nml.gov.np,+NP04805810490404504004970581048040480580495058042040497040560570505050570580505,null,false,false,false,null,,false,false,null,
Biogain Remedies - Marketing Office,"M8QJ+XXQ, Everest Marga, काठमाडौँ 44600","M8QJ+XXQ, Everest Marga",काठमाडौँ,44600,+97714786564,NP,https://biogain.com.np,null,null,null,false,false,false,null,,false,false,null,
Bluemoon meditech pharma,"म्युजियम मार्ग, काठमाडौँ 44600",म्युजियम मार्ग,काठमाडौँ,44600,+97714286995,NP,https://bmmp.com.np,info@bmmp.com.np,+97715386995,null,false,false,false,null,,false,false,null,
Fleur Himalayan Ltd,"कृष्ण गल्ली, ललितपुर 44600",कृष्ण गल्ली,ललितपुर,44600,+97715529059,NP,https://fhl.com.np,info@fhl.com.np,+97715529059,null,false,false,false,null,,false,false,null,
TIME Pharmaceuticals Marketing Office,"Satdobato 15, ललितपुर 44600",Satdobato 15,ललितपुर,44600,+97715151826,NP,https://timepharma.com,info@timepharma.com,+97778502004,null,false,false,false,null,,false,false,null,
TAJ ONCOTHERAPY PVT.LTD.,"P86C+XQH Infront of Chinese Embassy, हात्तीसार सडक, काठमाडौँ 44600","P86C+XQH Infront of Chinese Embassy, हात्तीसार सडक",काठमाडौँ,44600,+97714422911,NP,null,null,null,null,false,false,false,null,,false,false,null,
Medicine Distributor Centre,"Bhulung khel, काठमाडौँ 44600",Bhulung khel,काठमाडौँ,44600,+97715359892,NP,https://mdc.com.np,info@mdc.com.np,+97715359892,null,false,false,false,null,,false,false,null,
Toreva Pharmaceuticals Pvt. Ltd.,"P83R+HG3, काठमाडौँ 44600",P83R+HG3,काठमाडौँ,44600,+97715911816,NP,null,null,null,null,false,false,false,null,,false,false,null,
Pharmonics Life Sciences Pvt Ltd,"P8JJ+G7C, काठमाडौँ 44600",P8JJ+G7C,काठमाडौँ,44600,+97714528643,NP,null,null,null,null,false,false,false,null,,false,false,null,
Shakya Pharma,"पकनाजोल मार्ग, काठमाडौँ 44600",पकनाजोल मार्ग,काठमाडौँ,44600,+97714701897,NP,null,null,null,null,false,false,false,null,,false,false,null,
Mountain Glacier Pharmaceuticals Pvt. Ltd.,काठमाडौँ 57300,,काठमाडौँ,57300,+9779851338100,NP,https://mgpharma.com.np,null,null,null,false,false,false,null,,false,false,null,
PharmaLife,"Balmandir Compound, काठमाडौँ 44600",Balmandir Compound,काठमाडौँ,44600,+9779801966550,NP,https://pharmalife.com.np,info@pharmalife.com.np,+9779802377872,null,false,false,false,null,,false,false,null,
Association Of Pharmaceutical Producers Of Nepal,"Bagmati Chamber, काठमाडौँ 44600",Bagmati Chamber,काठमाडौँ,44600,+97714100024,NP,https://appon.org.np,appon123@gmail.com,+97714100024,null,false,false,false,null,,false,false,null,
क्वेस्ट औषधि मार्केटिङ कार्यालय,"M8W5+GCW, Sungabha Marg, काठमाडौँ 44600","M8W5+GCW, Sungabha Marg",काठमाडौँ,44600,+97715340304,NP,https://quest.com.np,null,null,null,false,false,false,null,,false,false,null,
Tesla Pharmacy Pvt. Ltd.,"P8GJ+R5Q, Baluwatar, In between Russian Embassy and PM quartar, Thirbam Sadak, काठमाडौँ 44600","P8GJ+R5Q, Baluwatar, In between Russian Embassy and PM quartar, Thirbam Sadak",काठमाडौँ,44600,+97714534871,NP,null,null,null,null,false,false,false,null,,false,false,null,
Bistra Pharma Link Pvt Ltd,काठमाडौँ 44600,,काठमाडौँ,44600,+97714116691,NP,https://bistra.com.np,info@bistra.com.np,+97714116695,null,false,false,false,null,,false,false,null,
Nepal Pharma Mart,"P8R7+7MH, Ganeshthan Marg, काठमाडौँ 44600","P8R7+7MH, Ganeshthan Marg",काठमाडौँ,44600,+97714387026,NP,null,null,null,null,false,false,false,null,,false,false,null,
Prime Care Pharma,"Outside Nepal Korea Friendship Municipality Hospital Madhyapur Thimi 4, Siddhikali Marg, 44811","Outside Nepal Korea Friendship Municipality Hospital Madhyapur Thimi 4, Siddhikali Marg",,44811,+9779705435600,NP,null,null,null,null,false,false,false,null,,false,false,null,
Minko Pharma link Pvt Ltd,"P864+4XF, काठमाडौँ 44600",P864+4XF,काठमाडौँ,44600,+97714252927,NP,https://npl.bizdirlib.com,userdatabasesets@gmail.com,null,null,false,false,false,null,,false,false,null,
24seven Health & Beauty- Online Pharmacy and Beauty Products in Nepal,"महराजगंज सड़क, काठमाडौँ 44600",महराजगंज सड़क,काठमाडौँ,44600,+97714720313,NP,https://24seven.com.np,247hnb@gmail.com,+97714720313,+9779801017708,false,false,false,null,,false,false,null,
Nivix Pharmaceuticals(Kathmandu Office),"M8PR+5CH, काठमाडौँ 44600",M8PR+5CH,काठमाडौँ,44600,+97715913406,NP,https://nivix.com.np,corporate@nivix.com.np,+97761580395,null,false,false,false,null,,false,false,null,
Medrik pharmaceutical head office,"Medical Bus Stop, Kathmandu 44600",Medical Bus Stop,Kathmandu,44600,+97714358871,NP,null,null,null,null,false,false,false,null,,false,false,null,
डल्फिन एम बी प्रा.लि.,"Radha Bhawan 115, Saraswoti Marg, काठमाडौँ 44600","Radha Bhawan 115, Saraswoti Marg",काठमाडौँ,44600,+97715360710,NP,https://dolphinmb.com,info@dolphinmb.com,+97715360935,+9779704553032,false,false,false,null,,false,false,null,
गोर्खाली फर्मा,"P894+MVW, Ropeway Sadak, काठमाडौँ 44600","P894+MVW, Ropeway Sadak",काठमाडौँ,44600,+97714959751,NP,null,null,null,null,false,false,false,null,,false,false,null,
S.R. Drug Laboratories Pvt. Ltd.,"3rd Floor, Saket Complex, त्रिपुरा मार्ग, काठमाडौँ 44600","3rd Floor, Saket Complex, त्रिपुरा मार्ग",काठमाडौँ,44600,+97714223764,NP,https://srdrug.net,info@srdrug.net,+97714223764,null,false,false,false,null,,false,false,null,
सागर चिकित्सा वितरक,"P855+Q2V, गंगालाल मार्ग, काठमाडौँ 44600","P855+Q2V, गंगालाल मार्ग",काठमाडौँ,44600,+97714248589,NP,null,null,null,null,false,false,false,null,,false,false,null,
SGENERIX PHARMA DISTRIBUTORS,"OM Shanti Chock, KARESOR MARG, काठमाडौँ 44600","OM Shanti Chock, KARESOR MARG",काठमाडौँ,44600,+97714621029,NP,null,null,null,null,false,false,false,null,,false,false,null,
संग फर्मा,"P8PJ+296, महाराजगंज रोड, काठमाडौँ 44600","P8PJ+296, महाराजगंज रोड",काठमाडौँ,44600,+97714440621,NP,null,null,null,null,false,false,false,null,,false,false,null,
Rohto Mentholatum Nepal Pvt. Ltd.,"दरवार मार्ग, काठमाडौँ 44600",दरवार मार्ग,काठमाडौँ,44600,+97715360031,NP,https://rohto.com.np,info@rohto.com.np,+97715360031,null,false,false,false,null,,false,false,null,
Mark Formulation pvt ltd Office,काठमाडौँ 44600,,काठमाडौँ,44600,+97714489128,NP,https://markformulations.com.np,info@markformulations.com.np,+97714589128,null,false,false,false,null,,false,false,null,
Archana Surgical Suppliers - Oxygen Machine | Bipap Machine | Cipap Machine | Hospital Bed | Oxygen Cylinder | Pulsometer,"त्रिपुरा मार्ग, काठमाडौँ 44600",त्रिपुरा मार्ग,काठमाडौँ,44600,+9779851087731,NP,https://archanasurgical.com.np,archanasurgical@gmail.com,+9779851087731,+9779851087731,false,false,false,null,,false,false,null,
Mk Healthcare Nepal pharmaceuticals P.ltd,"Siddhartha Marg, काठमाडौँ 44600",Siddhartha Marg,काठमाडौँ,44600,+97715242102,NP,null,null,null,null,false,false,false,null,,false,false,null,
निर्मल औषधि निजी लिमिटेड,"M6W8+CWH, H02, चन्द्रागिरी 44600","M6W8+CWH, H02",चन्द्रागिरी,44600,+97714311804,NP,null,null,null,null,false,false,false,null,,false,false,null,
"NORVIC PHARMACY PVT. LTD, KHUSIBU BRANCH","Kaldhara Marg, काठमाडौँ 44611",Kaldhara Marg,काठमाडौँ,44611,+9779745618097,NP,https://pharmacy.norvichospital.com,norvicpharmacy2000@gmail.com,+9779863020915,null,false,false,false,null,,false,false,null,
Sopan pharmaceutical ltd,44708,,,44708,+97714671212,NP,https://sopanpharma.com,info@sopanpharma.com,+97715671212,null,false,false,false,null,,false,false,null,
नरदेवी आयुर्वेदिक फर्मा,"योगवीर सिंह मार्ग, काठमाडौँ 44600",योगवीर सिंह मार्ग,काठमाडौँ,44600,+97714258874,NP,null,null,null,null,false,false,false,null,,false,false,null,
Siddhi Pharma aka Dr. Bimala Ojha,"84 Handigaun Marg, काठमाडौँ 44600",84 Handigaun Marg,काठमाडौँ,44600,+97714416271,NP,null,null,null,null,false,false,false,null,,false,false,null,
DKM House,"Kuleshwor Awas Sadak, काठमाडौँ 44600",Kuleshwor Awas Sadak,काठमाडौँ,44600,+97715386780,NP,https://dkmedigroup.com,null,null,null,false,false,false,null,,false,false,null,
सपना फर्मा,"MC8F+6W3, सुर्यविनायक 44800",MC8F+6W3,सुर्यविनायक,44800,+97716614260,NP,null,null,null,null,false,false,false,null,,false,false,null,
"रसायन तथा मेडिकल आपूर्ति संघ, नेपाल",काठमाडौँ 44600,,काठमाडौँ,44600,+97714249060,NP,https://chemsan.org.np,dipakreal@gmail.com,+9779851121114,null,false,false,false,null,,false,false,null,
Sungava Vet Pharma,"M7WJ+59J, काठमाडौँ 44600",M7WJ+59J,काठमाडौँ,44600,+97715224005,NP,null,null,null,null,false,false,false,null,,false,false,null,
Accord Pharmaceuticals Ltd.,,,,null,+97715709690,NP,null,null,null,null,false,false,false,null,,false,false,null,
Healthcare Technologies Pvt Ltd,"St. Xavier, Aspen Marg, काठमाडौँ 44600","St. Xavier, Aspen Marg",काठमाडौँ,44600,+97715911549,NP,null,null,null,null,false,false,false,null,,false,false,null,
Riddhi siddhi chemical traders,"6 Dibya Marg, काठमाडौँ 44600",6 Dibya Marg,काठमाडौँ,44600,+9779843562183,NP,https://rsct.com.np,info@rsct.com.np,+97715107118,null,false,false,false,null,,false,false,null,
Nepal Chemical group,"Radar Marg, काठमाडौँ 44600",Radar Marg,काठमाडौँ,44600,+9779858031805,NP,https://nepalchemical.com,null,null,null,false,false,false,null,,false,false,null,
Tripura Chemicals,Kathmandu 44600,,Kathmandu,44600,+9779860096239,NP,null,null,null,null,false,false,false,null,,false,false,null,
Kalika Soap And Chemical pvt. Ltd.,काठमाडौँ 44600,,काठमाडौँ,44600,+9779851269511,NP,null,null,null,null,false,false,false,null,,false,false,null,
InnoVision Nepal Pvt.Ltd. (InnoVision Hygiene & Satol Chemicals),"31, Katyani Marg, काठमाडौँ 44600","31, Katyani Marg",काठमाडौँ,44600,+9779852067865,NP,https://innovisionnepal.com.np,null,null,null,false,false,false,null,,false,false,null,
Kasaju chemicals,"P8CR+XHG, काठमाडौँ 44600",P8CR+XHG,काठमाडौँ,44600,+9779851237853,NP,null,null,null,null,false,false,false,null,,false,false,null,
Mithila Chemical,"P96F+WPR, कागेश्वरी मनोहरा 44600",P96F+WPR,कागेश्वरी मनोहरा,44600,+9779813188981,NP,https://mithilachemical.com.np,null,null,null,false,false,false,null,,false,false,null,
Mahashakti Soap & Chemical Industries Pvt Ltd,"P82C+MVV, काठमाडौँ 44600",P82C+MVV,काठमाडौँ,44600,+97715326638,NP,null,null,null,null,false,false,false,null,,false,false,null,
Rukmani Chemical Industries Pvt. Ltd.,"P9CJ+P3P, बौद्ध सडक, गोकर्णेश्वर 44600","P9CJ+P3P, बौद्ध सडक",गोकर्णेश्वर,44600,+9779810005844,NP,null,null,null,null,false,false,false,null,,false,false,null,
Dangal Chemical Enterprises,"P8FW+FRV, Gopi Krishna Road, बुढानीलकण्ठ 44602","P8FW+FRV, Gopi Krishna Road",बुढानीलकण्ठ,44602,+97714811450,NP,null,null,null,null,false,false,false,null,,false,false,null,
pashupati chemical traders,काठमाडौँ 44600,,काठमाडौँ,44600,+9779851027598,NP,null,null,null,null,false,false,false,null,,false,false,null,
Surya Paint and Chemical Industries Pvt. Ltd.,"1 Kupondole Ln, ललितपुर 44600",1 Kupondole Ln,ललितपुर,44600,+97715422432,NP,https://spcsurya.com,null,null,null,false,false,false,null,,false,false,null,
Aayana Industries Pvt. Ltd,"Dathu Sadak, काठमाडौँ 44600",Dathu Sadak,काठमाडौँ,44600,+9779851207011,NP,null,null,null,null,false,false,false,null,,false,false,null,
Gharelu Chemical,"P856+2R8, सिद्धिदास मार्ग, काठमाडौँ 44600","P856+2R8, सिद्धिदास मार्ग",काठमाडौँ,44600,+9779851030087,NP,null,null,null,null,false,false,false,null,,false,false,null,
"Rohit Chemical Traders, Kathmandu","Nikhileshwor Mandir, Budhanilkanth-8,Near, काठमाडौँ 44300","Nikhileshwor Mandir, Budhanilkanth-8, Near",काठमाडौँ,44300,+9779851066519,NP,null,null,null,null,false,false,false,null,,false,false,null,
waterproofing house(trinity waterproofing and suppliers),"Near salesberry, काठमाडौँ 44600",Near salesberry,काठमाडौँ,44600,+9779851042257,NP,https://trinitywaterproofing.com.np,info@trinitywaterproofing.com.np,+9779851042257,null,false,false,false,null,,false,false,null,
Polygon Chemicals,"P7CX+86M, काठमाडौँ 44600",P7CX+86M,काठमाडौँ,44600,+97715908730,NP,https://polygonchemicals.com,inquiry@polygonchemicals.com,+918394076040,+918394076040,false,false,false,null,,false,false,null,
Holistic Machinery & Chemicals Suppliers Pvt. Ltd,"कालिमाटी रोड, काठमाडौँ 44600",कालिमाटी रोड,काठमाडौँ,44600,+9779803341299,NP,null,null,null,null,false,false,false,null,,false,false,null,
नासा वैज्ञानिक लिंक प्रा। लिमिटेड,"Near Tripureshor Plaza, त्रिपुरा मार्ग, 44600","Near Tripureshor Plaza, त्रिपुरा मार्ग",,44600,+97714260467,NP,null,null,null,null,false,false,false,null,,false,false,null,
Debaki Chemical Industry,तारकेश्वर 44600,,तारकेश्वर,44600,+9779803743537,NP,https://nepalimanufacture.com,null,null,null,false,false,false,null,,false,false,null,
सुशील वनस्पति प्रा। लि।,"3rd Floor, शेर्पा मल, दरवार मार्ग, काठमाडौँ 44600","3rd Floor, शेर्पा मल, दरवार मार्ग",काठमाडौँ,44600,+97714225877,NP,null,null,null,null,false,false,false,null,,false,false,null,
Redata Pvt.Ltd.,"P855+X5J, गंगालाल मार्ग, काठमाडौँ 44600","P855+X5J, गंगालाल मार्ग",काठमाडौँ,44600,+97714249371,NP,null,null,null,null,false,false,false,null,,false,false,null,
Rohit chemical traders,"P9W2+CJ6, काठमाडौँ 44600",P9W2+CJ6,काठमाडौँ,44600,+9779851131787,NP,null,null,null,null,false,false,false,null,,false,false,null,
Parsa Science Emporium,काठमाडौँ 44600,,काठमाडौँ,44600,+9779855032456,NP,https://parsascienceemporium.com,info@parsascienceemporium.com,+9779804213456,null,false,false,false,null,,false,false,null,
Agni Hospitality Supplies Pvt Ltd,"Pahelo pool park Guheswori to gokarna, resort road, Kathmandu 44600","Pahelo pool park Guheswori to gokarna, resort road",Kathmandu,44600,+9779801130206,NP,null,null,null,null,false,false,false,null,,false,false,null,
GDS INTERNATIONAL pvt.Ltd(Divyam Chemicals),"M9FJ+7MF, Tuberculosis Hospital Bus Stop, अरनिको राजमार्ग, मध्यपुर थिमि 44811","M9FJ+7MF, Tuberculosis Hospital Bus Stop, अरनिको राजमार्ग",मध्यपुर थिमि,44811,+97716610599,NP,null,null,null,null,false,false,false,null,,false,false,null,
Kiaan Chemicals Industry pvt.ltd.Nepal Head Office,"धर्मस्थल मार्ग, काठमाडौँ 44600",धर्मस्थल मार्ग,काठमाडौँ,44600,+9779845364050,NP,https://kiaanchemicals.com,info@kiaanchemicals.com,+97714600853,+9779845364050,false,false,false,null,,false,false,null,
Sona Group of Companies,"P8JG+26V, काठमाडौँ 44600",P8JG+26V,काठमाडौँ,44600,+97714547144,NP,null,null,null,null,false,false,false,null,,false,false,null,
Jai Chemical Manufacture,"P88F+VHW, Radhamohan marg, काठमाडौँ 44600","P88F+VHW, Radhamohan marg",काठमाडौँ,44600,+9779801966573,NP,null,null,null,null,false,false,false,null,,false,false,null,
Majhi soap and chemical udhyog,"shiva tole new, मध्यपुर थिमि 44811",shiva tole new,मध्यपुर थिमि,44811,+9779813270566,NP,null,null,null,null,false,false,false,null,,false,false,null,
Shine Chemical,"Q899+72V, Bura Neelkanth Bhangar, 44600","Q899+72V, Bura Neelkanth Bhangar",,44600,+9779812320431,NP,null,null,null,null,false,false,false,null,,false,false,null,
POMO Seeds and Agro Chemical Pvt. Ltd.,"P989+4P9, काठमाडौँ 44600",P989+4P9,काठमाडौँ,44600,+9779843004430,NP,https://arctechnepal.com,null,null,null,false,false,false,null,,false,false,null,
बायाे साइन्स टेे्दर्स,"11 त्रिपुरा मार्ग, काठमाडौँ 44600",11 त्रिपुरा मार्ग,काठमाडौँ,44600,+97715339797,NP,https://biosciencetrader.com,null,null,null,false,false,false,null,,false,false,null,
Scientific & laboratory Equipment suppliers:CIC,काठमाडौँ 44600,,काठमाडौँ,44600,+9779851237760,NP,null,null,null,null,false,false,false,null,,false,false,null,
Waterproofing Expert Nepal,"3 Sangla Road, काठमाडौँ 44600",3 Sangla Road,काठमाडौँ,44600,+9779843205051,NP,https://wenpl.com.np,waterproofingnepal@gmail.com,+9779843205051,+9779808382846,false,false,false,null,,false,false,null,
जय श्री श्याम ट्रेडिंग चासो,"Hanagulu Marg, काठमाडौँ 44600",Hanagulu Marg,काठमाडौँ,44600,+97715379380,NP,https://shyamtrading.net,info@shyamtrading.net,+97715379380,null,false,false,false,null,,false,false,null,
श्री चुनदेवी ईट्टा उद्योग,"P8PC+7P2, रिङ्गरोड, काठमाडौँ 44611","P8PC+7P2, रिङ्गरोड",काठमाडौँ,44611,+97714388028,NP,null,null,null,null,false,false,false,null,,false,false,null,
Cloth dyeing & printing factory,"Near Bright Heaven School Opposite Side Road Of Janamaitri Hospital, काठमाडौँ 44600",Near Bright Heaven School Opposite Side Road Of Janamaitri Hospital,काठमाडौँ,44600,+9779703945321,NP,null,null,null,null,false,false,false,null,,false,false,null,
Garg Group of Companies,"127 Gairidhara Rd, काठमाडौँ 44600",127 Gairidhara Rd,काठमाडौँ,44600,+9779851170088,NP,null,null,null,null,false,false,false,null,,false,false,null,
Anshika Trading,"P86H+8G7, काठमाडौँ 44600",P86H+8G7,काठमाडौँ,44600,+9779823684847,NP,null,null,null,null,false,false,false,null,,false,false,null,
MANASALU Trading Concern Pvt. Ltd.,काठमाडौँ 44600,,काठमाडौँ,44600,+97715345351,NP,null,null,null,null,false,false,false,null,,false,false,null,
Royal Cleaning Services and suppliers Pvt LTD,"Bullbulley, काठमाडौँ 44600",Bullbulley,काठमाडौँ,44600,+9779851239227,NP,https://royalcleaning.com.np,royalcleaning005@gmail.com,+9779851201603,+9779851201603,false,false,false,null,,false,false,null,
Sabarat Agro Farm Pvt. Ltd,बुढानीलकण्ठ 44600,,बुढानीलकण्ठ,44600,+9779802335230,NP,https://sabaratagro.com.np,sabaratagro@gmail.com,+9779802335230,null,false,false,false,null,,false,false,null,
Multiple Facility Service Pvt.Ltd.,"M8XR+V34, Ambika Marg, Kathmandu 44600, काठमाडौँ 00977","M8XR+V34, Ambika Marg, Kathmandu 44600",काठमाडौँ,00977,+9779851240256,NP,https://multiplefacilityservice.com,info@multiplefacilityservice.com,+9779851098319,null,false,false,false,null,,false,false,null,
भगवती आयल मिल,"P7CX+2GW चमती नयाँ पुल, Ropeway sadak चमती, काठमाडौँ 44600","P7CX+2GW चमती नयाँ पुल, Ropeway sadak चमती",काठमाडौँ,44600,+9779851100965,NP,null,null,null,null,false,false,false,null,,false,false,null,
AST.PVT.LTD,"M7RH+99R, Purano Bagar Marg, काठमाडौँ 44600","M7RH+99R, Purano Bagar Marg",काठमाडौँ,44600,+97715218016,NP,https://alliedchem.org,null,null,null,false,false,false,null,,false,false,null,
CHEMICALS & INSTRUMENT CENTRE,काठमाडौँ 44600,,काठमाडौँ,44600,+9779742467357,NP,null,null,null,null,false,false,false,null,,false,false,null,
Kantipur soap industry,तारकेश्वर 44600,,तारकेश्वर,44600,+9779841209729,NP,null,null,null,null,false,false,false,null,,false,false,null,
SMT NEPAL(Scientific And Laboratory Supplier),काठमाडौँ 44700,,काठमाडौँ,44700,+9779851227680,NP,null,null,null,null,false,false,false,null,,false,false,null,
"Aarti Soap and Chemical Ind. Pvt Ltd, Kathmandu Office","P87F+4HF, काठमाडौँ 44600",P87F+4HF,काठमाडौँ,44600,+9779801066640,NP,null,null,null,null,false,false,false,null,,false,false,null,
Venus Construction Pvt Ltd,"Swet Binayak Marga, Babarmahal, काठमाडौँ 44601","Swet Binayak Marga, Babarmahal",काठमाडौँ,44601,+97715340809,NP,https://venus.com.np,venus@venus.com.np,+97715340809,null,false,false,false,null,,false,false,null,
Karma Group of Companies,"Sitapaila Rd, नागार्जुन 44600",Sitapaila Rd,नागार्जुन,44600,+97714033505,NP,https://karmagroups.com,null,null,null,false,false,false,null,,false,false,null,
jyo walker pharmaceutical,काठमाडौँ 44600,,काठमाडौँ,44600,+9779769331755,NP,null,null,null,null,false,false,false,null,,false,false,null,
Miyo Bio Products,"Dahal Gaunda, टोखा 44600",Dahal Gaunda,टोखा,44600,+9779813108622,NP,null,null,null,null,false,false,false,null,,false,false,null,
Dina chemical traders,काठमाडौँ 44600,,काठमाडौँ,44600,+9779851155258,NP,null,null,null,null,false,false,false,null,,false,false,null,
Zenith Impex,काठमाडौँ 44600,,काठमाडौँ,44600,+97715321600,NP,null,null,null,null,false,false,false,null,,false,false,null,
Gorakh Agro Tech,"13 Kalimati Rd, काठमाडौँ 44600",13 Kalimati Rd,काठमाडौँ,44600,+97714273447,NP,https://gatpl.com.np,null,+97714273447,null,false,false,false,null,,false,false,null,
Bishnu-Laxmi Concern,"M8PP+MJ2, आलोक नगर मार्ग, काठमाडौँ 44600","M8PP+MJ2, आलोक नगर मार्ग",काठमाडौँ,44600,+9779841355155,NP,null,null,null,null,false,false,false,null,,false,false,null,
Bhagawoti Tel Mill,"PCG4+XV2, कागेश्वरी मनोहरा 44600",PCG4+XV2,कागेश्वरी मनोहरा,44600,+9779869199734,NP,null,null,null,null,false,false,false,null,,false,false,null,
रत्न तेल मिल्स,"Chasan, ध्वाखाध: मार्ग, काठमाडौँ 44600","Chasan, ध्वाखाध: मार्ग",काठमाडौँ,44600,+97715361209,NP,null,null,null,null,false,false,false,null,,false,false,null,
H G Ent Pvt Ltd,"44600, काठमाडौँ",44600,काठमाडौँ,null,+9779801000095,NP,null,null,null,null,false,false,false,null,,false,false,null,
Chandradeviko mustard oil mill,भक्तपुर 44800,,भक्तपुर,44800,+9779851116284,NP,null,null,null,null,false,false,false,null,,false,false,null,
Shivadhara Enterprises Pvt .Ltd,"MCF3+98C Srijana Nagar Bus stop, अरनिको राजमार्ग, भक्तपुर","MCF3+98C Srijana Nagar Bus stop, अरनिको राजमार्ग",भक्तपुर,null,+9779851084650,NP,null,null,null,null,false,false,false,null,,false,false,null,
Nepal China good will,"M87J+JR3, Unnamed Road, ललितपुर 44700","M87J+JR3, Unnamed Road",ललितपुर,44700,+9779867207433,NP,null,null,null,null,false,false,false,null,,false,false,null,
Divyam Chemical,भक्तपुर 44600,,भक्तपुर,44600,+9779852053927,NP,null,null,null,null,false,false,false,null,,false,false,null,
Divya Rosin and Turpentine Pvt. Ltd.,ललितपुर 44600,,ललितपुर,44600,+97715193357,NP,https://divyarosin.com,null,null,null,false,false,false,null,,false,false,null,
Ruru Pitambari,"M8F2+CWR, ललितपुर 44600",M8F2+CWR,ललितपुर,44600,+9779851037659,NP,https://pthreeproducts.com.np,null,null,null,false,false,false,null,,false,false,null,
Purvamart Pvt. Ltd.,"Kantu Hiti Marg, ललितपुर 44600",Kantu Hiti Marg,ललितपुर,44600,+9779802030955,NP,https://purvamart.com,support@purvamart.com,+97715234255,null,false,false,false,null,,false,false,null,
Crystal Cleanser company Pvt. Ltd (Under Pointer Holdings),चन्द्रागिरी 44600,,चन्द्रागिरी,44600,+9779864160647,NP,https://hokkainepal.com,null,null,null,false,false,false,null,,false,false,null,
A.S International Laboratory,मध्यपुर थिमि 44800,,मध्यपुर थिमि,44800,+9779861324453,NP,https://wordpress.com,hello@artfulbaker.blog,null,null,false,false,false,null,,false,false,null,
LABORATORY TRADE CONCERN PVT.LTD,"भक्ति थापा सडक, काठमाडौँ 44600",भक्ति थापा सडक,काठमाडौँ,44600,+97714569459,NP,https://ltcnepal.com,null,null,null,false,false,false,null,,false,false,null,
Engineer Plus Construction Chemical-Nepal,"Engineer plus, काठमाडौँ 44600",Engineer plus,काठमाडौँ,44600,+97714287195,NP,null,null,null,null,false,false,false,null,,false,false,null,
Pristineoil,"P84P+R7P, काठमाडौँ 44600",P84P+R7P,काठमाडौँ,44600,+9779815276968,NP,null,null,null,null,false,false,false,null,,false,false,null,
Himcon Traders – Best Waterproofing & Concrete Repair Chemicals in Nepal,"Do-Cha Marga, काठमाडौँ 44600",Do-Cha Marga,काठमाडौँ,44600,+9779801179240,NP,https://himconnepal.com,webmaster@himconnepal.com,null,null,false,false,false,null,,false,false,null,
Subedi Mill (सुबेदी मिल),"Setopul, काठमाडौँ 44600",Setopul,काठमाडौँ,44600,+9779862064982,NP,null,null,null,null,false,false,false,null,,false,false,null,
DEEPJYOTI SCIENTIFIC TRADING CONCERN,"M8V8+44F, त्रिपुरा मार्ग, काठमाडौँ 44600","M8V8+44F, त्रिपुरा मार्ग",काठमाडौँ,44600,+97714218081,NP,https://kherascientific.com,kherascientific@gmail.com,+917404580766,null,false,false,false,null,,false,false,null,
Shree Rani Sati Trading Concern,ललितपुर 44600,,ललितपुर,44600,+97714215455,NP,https://ranisati.com.np,null,null,null,false,false,false,null,,false,false,null,
KUKL Water Treatment Plant And Analysis,"P9C3+FFQ, महांकाल चौर 44600",P9C3+FFQ,महांकाल चौर,44600,+97714117356,NP,https://kathmanduwater.org,info@kukl.org.np,+97714117356,null,false,false,false,null,,false,false,null,
अमन तेल मील,"P844+649, Dakhadaha Marg, काठमाडौँ 44600","P844+649, Dakhadaha Marg",काठमाडौँ,44600,+9779841206635,NP,null,null,null,null,false,false,false,null,,false,false,null,
Sagtani Group,"M7XM+VP2, ज्ञानोदय मार्ग, काठमाडौँ 44600","M7XM+VP2, ज्ञानोदय मार्ग",काठमाडौँ,44600,+9779851245540,NP,null,null,null,null,false,false,false,null,,false,false,null,
Lumbini Soap & Chemical,"M7WC+347, चन्द्रागिरी 44600",M7WC+347,चन्द्रागिरी,44600,+97715219154,NP,null,null,null,null,false,false,false,null,,false,false,null,
Pashupati Paints Pvt.Ltd,"M8RF+C84, काठमाडौँ 44600",M8RF+C84,काठमाडौँ,44600,+97715360675,NP,null,null,null,null,false,false,false,null,,false,false,null,
Ashwin International pvt ltd,"M85V+9HG, ललितपुर 44600",M85V+9HG,ललितपुर,44600,+9779851035502,NP,null,null,null,null,false,false,false,null,,false,false,null,
Mero Agro Pvt. Ltd.,"Kumari Complex, काठमाडौँ 44600",Kumari Complex,काठमाडौँ,44600,+97714492285,NP,https://meroagro.com,info@meroagro.com,+97714570092,null,false,false,false,null,,false,false,null,
JJ Marble House,"सामाखुशी मार्ग, काठमाडौँ 44608",सामाखुशी मार्ग,काठमाडौँ,44608,+97714981218,NP,https://sqft.store,null,null,null,false,false,false,null,,false,false,null,
Phool Prasad,"Handigaun Marg, काठमाडौँ 44600",Handigaun Marg,काठमाडौँ,44600,+9779851321480,NP,https://phoolprasad.com,null,null,null,false,false,false,null,,false,false,null,
Cleaningkathmandu,काठमाडौँ 44600,,काठमाडौँ,44600,+9779803575999,NP,null,null,null,null,false,false,false,null,,false,false,null,
Earthing Solutions in Nepal,"Dharahara, काठमाडौँ 44600",Dharahara,काठमाडौँ,44600,+9779810384560,NP,null,null,null,null,false,false,false,null,,false,false,null,
थापा गाँउ तेल मिल,"M8RM+6QV, भक्ति थापा सडक, काठमाडौँ 44600","M8RM+6QV, भक्ति थापा सडक",काठमाडौँ,44600,+9779844106512,NP,null,null,null,null,false,false,false,null,,false,false,null,
Kavya ventures pvt ltd,"Khatal Marg, ललितपुर 44600",Khatal Marg,ललितपुर,44600,+9779704553002,NP,null,null,null,null,false,false,false,null,,false,false,null,
PRAKASH TRADER,"P865+6QR, स्वाँछपू मार्ग, काठमाडौँ 44600","P865+6QR, स्वाँछपू मार्ग",काठमाडौँ,44600,+97714259699,NP,null,null,null,null,false,false,false,null,,false,false,null,
Eversafe Nepal Pvt Ltd,काठमाडौँ 44600,,काठमाडौँ,44600,+9779851024094,NP,https://eversafe.com.np,null,null,null,false,false,false,null,,false,false,null,
Hygiene care chemical,"MCCH+9WW, भक्तपुर 44800",MCCH+9WW,भक्तपुर,44800,+9779863629870,NP,null,null,null,null,false,false,false,null,,false,false,null,
Aryal Plastic Shop,"P73J+5MJ, चक्रपथ, नागार्जुन 44600","P73J+5MJ, चक्रपथ",नागार्जुन,44600,+9779851225011,NP,null,null,null,null,false,false,false,null,,false,false,null,
Nil Barahi Oil Mill,"M7P2+288, तृी भुवन राजपथ, चन्द्रागिरी 44600","M7P2+288, तृी भुवन राजपथ",चन्द्रागिरी,44600,+97714313483,NP,null,null,null,null,false,false,false,null,,false,false,null,
"Akash Medicine, Surgical, Lab, Chemical, and Health Related Equipments","Chhetrapati-18, काठमाडौँ 00977",Chhetrapati-18,काठमाडौँ,00977,+9779851027438,NP,null,null,null,null,false,false,false,null,,false,false,null,
L D GROUP,काठमाडौँ 44600,,काठमाडौँ,44600,+97714417710,NP,https://ldgroups.com,info@ldgroups.com,+97714417710,null,false,false,false,null,,false,false,null,
Euro Trade International Pvt. Ltd.- the best machine parts in nepal,"M9P9+J46, मध्यपुर थिमि 44600",M9P9+J46,मध्यपुर थिमि,44600,+9779851002107,NP,https://eurotrade.com.np,null,null,null,false,false,false,null,,false,false,null,
माँ चण्डेश्‍वर तेल मिल,"गट्ठाघर मार्ग, मध्यपुर थिमि 44600",गट्ठाघर मार्ग,मध्यपुर थिमि,44600,+9779843151944,NP,null,null,null,null,false,false,false,null,,false,false,null,
खाद्य प्रविधि र गुणस्तर नियन्त्रण विभाग,"M8VG+CF3, Aaktiyar Marg, काठमाडौँ 44600","M8VG+CF3, Aaktiyar Marg",काठमाडौँ,44600,+97714262739,NP,https://dftqc.gov.np,null,null,null,false,false,false,null,,false,false,null,
परिवेश टेक्नोलजी प्राइवेट लिमिटेड,"M8MW+Q7Q, कुमारी मार्ग, काठमाडौँ 44600","M8MW+Q7Q, कुमारी मार्ग",काठमाडौँ,44600,+9779851298777,NP,null,null,null,null,false,false,false,null,,false,false,null,
Zest Laboratories,Balakot 44600,,Balakot,44600,+97716634037,NP,https://zestlab.com.np,mail@zestlab.com.np,+015639806,null,false,false,false,null,,false,false,null,
इन्फनेट सफ्टवेर कम्पनि,"429 हात्तिसार सडक, काठमाडौँ 44600",429 हात्तिसार सडक,काठमाडौँ,44600,+97714535625,NP,https://infinite.com,null,null,null,false,false,false,null,,false,false,null,
Hardwarepasal,काठमाडौँ 44600,,काठमाडौँ,44600,+97715348976,NP,https://hardwarepasal.com,null,+97715348976,+9779808441323,false,false,false,null,,false,false,null,
Global Packaging Industries Pvt. Ltd.,"M89R+JFH, इमाडोल मार्ग, 44600","M89R+JFH, इमाडोल मार्ग",,44600,+9779851059417,NP,https://globalpackaging.com.np,null,null,null,false,false,false,null,,false,false,null,
सहारा प्याकेजिङ्ग,"Goldhunga Rd, काठमाडौँ 44600",Goldhunga Rd,काठमाडौँ,44600,+97715113173,NP,null,null,null,null,false,false,false,null,,false,false,null,
Nepalaya Paper And Packaging,"P95R+75W, Godhar Gaun-Jhingatighar Rd, कागेश्वरी मनोहरा 44600","P95R+75W, Godhar Gaun-Jhingatighar Rd",कागेश्वरी मनोहरा,44600,+9779851165485,NP,null,null,null,null,false,false,false,null,,false,false,null,
Drabya Packaging,"स्वयम्भु मार्ग, काठमाडौँ 44600",स्वयम्भु मार्ग,काठमाडौँ,44600,+9779801037577,NP,null,null,null,null,false,false,false,null,,false,false,null,
Nepal Glass Company,Kathmandu 44660,,Kathmandu,44660,+9779762198602,NP,null,null,null,null,false,false,false,null,,false,false,null,
Divine Packaging and Print,"Transformor Marg, काठमाडौँ 44600",Transformor Marg,काठमाडौँ,44600,+9779851330314,NP,null,null,null,null,false,false,false,null,,false,false,null,
Shrestha Bibidh Suppliers Wholesale Plastic & Packaging,"Saraswati Nagar Marga, बुढानीलकण्ठ 44600",Saraswati Nagar Marga,बुढानीलकण्ठ,44600,+9779804806047,NP,null,null,null,null,false,false,false,null,,false,false,null,
R.K Plastic Pvt. LTD.,"P8H2+F7R, Balaju Industrial area, काठमाडौँ 44600","P8H2+F7R, Balaju Industrial area",काठमाडौँ,44600,+97714350656,NP,null,null,null,null,false,false,false,null,,false,false,null,
Kundaleshwor Food Packaging & Suppliers Pvt. Ltd.,"gauri shankar marg, 6, गोकर्णेश्वर 44600","gauri shankar marg, 6",गोकर्णेश्वर,44600,+9779849731260,NP,null,null,null,null,false,false,false,null,,false,false,null,
Bee Packaging Industries,"Ropeway Sadak, काठमाडौँ 44600",Ropeway Sadak,काठमाडौँ,44600,+9779851161743,NP,null,null,null,null,false,false,false,null,,false,false,null,
Juneli Packaging & Printing Press,"Rudramatichowk, Kathmandu 44460",Rudramatichowk,Kathmandu,44460,+9779813533758,NP,null,null,null,null,false,false,false,null,,false,false,null,
J and J Packaging box Nepal,"M8JH+F63, Lalitpur(Lalitpur NP, काठमाडौँ 44600","M8JH+F63, Lalitpur(Lalitpur NP",काठमाडौँ,44600,+9779843223219,NP,null,null,null,null,false,false,false,null,,false,false,null,
Paper Pouch Nepal,"नगरकोट सडक, भक्तपुर 44800",नगरकोट सडक,भक्तपुर,44800,+9779743261701,NP,null,null,null,null,false,false,false,null,,false,false,null,
Radheshyam Packaging suppliers,"P832+X27, काठमाडौँ 44600",P832+X27,काठमाडौँ,44600,+9779849723572,NP,null,null,null,null,false,false,false,null,,false,false,null,
ग्लोवल प्याकेजिङ एण्ड प्रोसेसिङ प्रा लि,"M7WV+PF6, गणेशमान सिंह पथ, काठमाडौँ 44614","M7WV+PF6, गणेशमान सिंह पथ",काठमाडौँ,44614,+9779851141411,NP,https://globalpackagings.com.np,null,null,null,false,false,false,null,,false,false,null,
Sajo packaging pvt ldt,"Adikabi marg, काठमाडौँ 44620",Adikabi marg,काठमाडौँ,44620,+9779841215413,NP,null,null,null,null,false,false,false,null,,false,false,null,
Plus Creations Pvt Ltd Nepal,"113, Diyali, Nava Marg, काठमाडौँ 44600","113, Diyali, Nava Marg",काठमाडौँ,44600,+9779818981310,NP,null,null,null,null,false,false,false,null,,false,false,null,
Nandu Suppliers,काठमाडौँ 44600,,काठमाडौँ,44600,+9779840039912,NP,null,null,null,null,false,false,false,null,,false,false,null,
Chandrama Packaging,काठमाडौँ 44600,,काठमाडौँ,44600,+9779851089449,NP,https://chandramapackaging.com.np,null,null,null,false,false,false,null,,false,false,null,
H.S Box Udyog,"परोपकार मार्ग, काठमाडौँ 44600",परोपकार मार्ग,काठमाडौँ,44600,+9779841508973,NP,null,null,null,null,false,false,false,null,,false,false,null,
Get Paper Industry,"Q933+558, बुढानीलकण्ठ 44600",Q933+558,बुढानीलकण्ठ,44600,+97714370819,NP,null,null,null,null,false,false,false,null,,false,false,null,
Baluna Industries Pvt. Ltd,काठमाडौँ 44600,,काठमाडौँ,44600,+97714350384,NP,null,null,null,null,false,false,false,null,,false,false,null,
Nepal Can Packaging,काठमाडौँ 44600,,काठमाडौँ,44600,+9779801984184,NP,https://nepalcanpackaging.com,ncp.sales@nepalcanpackaging.com,+9779801984184,+9779801984184,false,false,false,null,,false,false,null,
Subu Plastic Store,काठमाडौँ 44600,,काठमाडौँ,44600,+9779843627030,NP,null,null,null,null,false,false,false,null,,false,false,null,
श्री गणपती वर्क्स इन्डस्ट्रिज,काठमाडौँ 44600,,काठमाडौँ,44600,+9779851139777,NP,https://shreeganapatibox.com,ganapatibox@gmail.com,+9779841221892,null,false,false,false,null,,false,false,null,
Omkar Packers & Movers Nepal,"PaniTakni Balkot, surbinayaky 4, 44811","PaniTakni Balkot, surbinayaky 4",,44811,+9779841755343,NP,null,null,null,null,false,false,false,null,,false,false,null,
Nidhi Tea Packaging,"Gokarneshor-6, 06 Naya Basti, काठमाडौँ 44600","Gokarneshor-6, 06 Naya Basti",काठमाडौँ,44600,+9779851151312,NP,null,null,null,null,false,false,false,null,,false,false,null,
G.T.C. Kathmandu,"P836+VWM, सुरतबज्र मार्ग, काठमाडौँ 44600","P836+VWM, सुरतबज्र मार्ग",काठमाडौँ,44600,+9779841440260,NP,null,null,null,null,false,false,false,null,,false,false,null,
Radheshyam Traders,"P893+F74, Yekikaran Sadak, काठमाडौँ 44600","P893+F74, Yekikaran Sadak",काठमाडौँ,44600,+9779813875959,NP,null,null,null,null,false,false,false,null,,false,false,null,
Sage Packaging,काठमाडौँ 44600,,काठमाडौँ,44600,+9779801855525,NP,https://sagepack.co,null,null,null,false,false,false,null,,false,false,null,
Milan chowk plastic pasal,बुढानीलकण्ठ 44600,,बुढानीलकण्ठ,44600,+9779860096239,NP,null,null,null,null,false,false,false,null,,false,false,null,
Neo Packaging Industry Pvt. Ltd,"Classic Tower street Dhapakhel, Ward no: 23, 44600","Classic Tower street Dhapakhel, Ward no: 23",,44600,+97715251558,NP,null,null,null,null,false,false,false,null,,false,false,null,
Harati box factory,"Kalankisthan Rd, चन्द्रागिरी 44600",Kalankisthan Rd,चन्द्रागिरी,44600,+9779841465972,NP,null,null,null,null,false,false,false,null,,false,false,null,
Sajo Packaging Industry Pvt Ltd,चन्द्रागिरी 44619,,चन्द्रागिरी,44619,+9779851044861,NP,null,null,null,null,false,false,false,null,,false,false,null,
Machine Hub Nepal,बुढानीलकण्ठ 44600,,बुढानीलकण्ठ,44600,+9779851181127,NP,https://machinehubnepal.com,null,null,null,false,false,false,null,,false,false,null,
इजि प्याकर्स एण्ड मुभर्स,काठमाडौँ 44600,,काठमाडौँ,44600,+9779840005973,NP,https://easypackersandmovers.com,easypackersnepal@gmail.com,+9779840005973,+9779840005973,false,false,false,null,,false,false,null,
Archie Offset Printers Pvt. Ltd.,"297 Kalika Marg, काठमाडौँ 44600",297 Kalika Marg,काठमाडौँ,44600,+97714530454,NP,null,null,null,null,false,false,false,null,,false,false,null,
Paperline Enterprises,"Yangal Colony, काठमाडौँ 44600",Yangal Colony,काठमाडौँ,44600,+97715367482,NP,https://paperline.com.np,paperlinenepal@gmail.com,+9779847340903,null,false,false,false,null,,false,false,null,
Atlas Packaging Pvt. Ltd.,"59 Tinjah Marg, ललितपुर 44705",59 Tinjah Marg,ललितपुर,44705,+9779851186257,NP,null,null,null,null,false,false,false,null,,false,false,null,
Shree Pathivara packaging Udhyog,"Tikhedewal-14, ललितपुर 00977",Tikhedewal-14,ललितपुर,00977,+9779860484170,NP,https://shreepathivara.com.np,shreepathivaraa@gmail.com,+9779860484170,null,false,false,false,null,,false,false,null,
Happy Design & Printing Service,"Gurukul CA, बाग बजार सडक, काठमाडौँ 44600","Gurukul CA, बाग बजार सडक",काठमाडौँ,44600,+9779861445749,NP,null,null,null,null,false,false,false,null,,false,false,null,
Home Flat Office Shifting Movers and Transport Services in Kathmandu,काठमाडौँ 44600,,काठमाडौँ,44600,+9779818650866,NP,https://shiftmandupackersandmovers.com,shiftmandupackers@gmail.com,+9779851327416,+9779851327416,false,false,false,null,,false,false,null,
पैकिंग बक्स,"P864+XXC, काठमाडौँ 44600",P864+XXC,काठमाडौँ,44600,+9779851051778,NP,null,null,null,null,false,false,false,null,,false,false,null,
STITCHING PLUS,"Dhalko, काठमाडौँ",Dhalko,काठमाडौँ,null,+9779801313160,NP,https://thestitchingplus.com,null,null,null,false,false,false,null,,false,false,null,
All Nepal Packers and Movers,,,,null,+9779843472589,NP,https://allnepalmovers.com.np,info@allnepalmovers.com.np,+9779843472589,+9779843472589,false,false,false,null,,false,false,null,
Gututu Services,"32 Old Sinamangal Kathmandu, काठमाडौँ 44600",32 Old Sinamangal Kathmandu,काठमाडौँ,44600,+9779851356179,NP,https://gututuservices.com,null,null,null,false,false,false,null,,false,false,null,
Saanvi Chiya Packaging Udhyog,"Biruwa road, भक्तपुर",Biruwa road,भक्तपुर,null,+9779813777508,NP,null,null,null,null,false,false,false,null,,false,false,null,
"ABC Suppliers, Bhagwati Marga","P86H+XXH, भग्वती मार्ग, काठमाडौँ 44600","P86H+XXH, भग्वती मार्ग",काठमाडौँ,44600,+9779801844484,NP,null,null,null,null,false,false,false,null,,false,false,null,
Ecotact Nepal,"Yangal Colony, नयाँ सडक, काठमाडौँ 44600","Yangal Colony, नयाँ सडक",काठमाडौँ,44600,+9779847340903,NP,https://paperline.com.np,paperlinenepal@gmail.com,+9779847340903,null,false,false,false,null,,false,false,null,
CNC Metal and Wood Craft Pvt. Ltd.,बुढानीलकण्ठ 44600,,बुढानीलकण्ठ,44600,+9779802338873,NP,null,null,null,null,false,false,false,null,,false,false,null,
Metal Work Nepal,"Golfutar Main Rd, बुढानीलकण्ठ 44600",Golfutar Main Rd,बुढानीलकण्ठ,44600,+9779843935689,NP,null,null,null,null,false,false,false,null,,false,false,null,
Kathmandu metal fabricators Pvt.Ltd.,"Rudramati Marg, काठमाडौँ 44600",Rudramati Marg,काठमाडौँ,44600,+9779851417066,NP,https://kathmadumetal.com,null,null,null,false,false,false,null,,false,false,null,
Main Gate Design,काठमाडौँ 44600,,काठमाडौँ,44600,+9779802355103,NP,https://maingatedesigns.com,maingatedesign@gmail.com,+97714025365,null,false,false,false,null,,false,false,null,
अमात्य तार जाली एण्ड फेविर्‍केर्‍टर,"चक्रपथ, काठमाडौँ 44600",चक्रपथ,काठमाडौँ,44600,+97714387227,NP,https://amatyatarjali.com.np,null,null,null,false,false,false,null,,false,false,null,
Ganesh Metal Works Traders,"M8GW+53V, चक्रपथ, काठमाडौँ 44600","M8GW+53V, चक्रपथ",काठमाडौँ,44600,+97715523013,NP,https://ganeshmetal.com.np,info@ganeshmetal.com.np,+97715100704,+9779851066570,false,false,false,null,,false,false,null,
अभिभावक धातु ईन्जिनियरिङ् काम,"M8X2+GQ4, टंकेश्वर मार्ग, काठमाडौँ 44600","M8X2+GQ4, टंकेश्वर मार्ग",काठमाडौँ,44600,+9779841636219,NP,null,null,null,null,false,false,false,null,,false,false,null,
S.A.I Metal Workshop,Budanilkantha 13 Chunikhel Kapan,,Budanilkantha,13,+9779819617916,NP,null,null,null,null,false,false,false,null,,false,false,null,
National Aluminium Fabricator,काठमाडौँ 44600,,काठमाडौँ,44600,+9779851014427,NP,https://naf.com.np,null,null,null,false,false,false,null,,false,false,null,
Everest Metal Fabricate and Pre-Fab House,"P88F+XW2, काठमाडौँ 44600",P88F+XW2,काठमाडौँ,44600,+9779851004437,NP,null,null,null,null,false,false,false,null,,false,false,null,
New sharma workshop,ललितपुर 44600,,ललितपुर,44600,+9779803963082,NP,null,null,null,null,false,false,false,null,,false,false,null,
Sophiya grill and fabrication company pvt,"M9X2+3R4, काठमाडौँ 44600",M9X2+3R4,काठमाडौँ,44600,+9779845784103,NP,null,null,null,null,false,false,false,null,,false,false,null,
हिमालय पूर्व-फैब,"Lakhepati Marg, काठमाडौँ 44600",Lakhepati Marg,काठमाडौँ,44600,+97714532038,NP,https://hsacnepal.com,info@hsacnepal.com,+9779801277780,null,false,false,false,null,,false,false,null,
Mega Tech Suppliers and fabricator pvt ltd,"P7FR+JRM, नागार्जुन 44608",P7FR+JRM,नागार्जुन,44608,+97714881824,NP,https://megatechnepal.com.np,info@megatechnepal.com.np,+9779841339742,null,false,false,false,null,,false,false,null,
Manakamana metal fabrication,"M7X9+JXF, Himshikhar Marg, काठमाडौँ 44600","M7X9+JXF, Himshikhar Marg",काठमाडौँ,44600,+9779860124804,NP,null,null,null,null,false,false,false,null,,false,false,null,
महर्जन मेटल इन्डष्ट्रिज,"पचलि मार्ग, काठमाडौँ 44600",पचलि मार्ग,काठमाडौँ,44600,+97715362032,NP,https://maharjanmetal.com.np,null,null,null,false,false,false,null,,false,false,null,
Tuladhar Metal Works,"168 अमर चित्रकर मार्ग, काठमाडौँ 44600",168 अमर चित्रकर मार्ग,काठमाडौँ,44600,+97714280037,NP,null,null,null,null,false,false,false,null,,false,false,null,
National Structure & Engineering PVT Ltd (NSE),"भग्वती मार्ग, काठमाडौँ 44600",भग्वती मार्ग,काठमाडौँ,44600,+97715542393,NP,https://pebnepal.com,info@nse.com.np,+9779818358220,+9779801967055,false,false,false,null,,false,false,null,
Erica metal engineering and pre-fab house,"P832+4M6, विष्णुमती ट्रयाक रोड, काठमाडौँ 44600","P832+4M6, विष्णुमती ट्रयाक रोड",काठमाडौँ,44600,+9779704591425,NP,null,null,null,null,false,false,false,null,,false,false,null,
Maharjan Metal And Aluminum Workshop,तारकेश्वर 44600,,तारकेश्वर,44600,+9779861062079,NP,null,null,null,null,false,false,false,null,,false,false,null,
Indira Infrastructure And Suppliers Pvt. Ldt,"P7C4+G3G, नागार्जुन 44600",P7C4+G3G,नागार्जुन,44600,+9779766387586,NP,null,null,null,null,false,false,false,null,,false,false,null,
मागी इन्जिनियरिङ सलुसन्स प्रा. लि.,"M9P8+393, पुरानो बाटो, मध्यपुर थिमि 44600","M9P8+393, पुरानो बाटो",मध्यपुर थिमि,44600,+9779860430464,NP,null,null,null,null,false,false,false,null,,false,false,null,
पूर्ण धातु चासो,"M86G+J4H, Patan Industrial Estate, ललितपुर 44700","M86G+J4H, Patan Industrial Estate",ललितपुर,44700,+97715521407,NP,https://purnametal.com,null,null,null,false,false,false,null,,false,false,null,
SRS Metal Industries Pvt. Ltd.,Lokanthali-1,,Lokanthali,1,+97715639497,NP,https://deutiorganic.com.np,null,null,null,false,false,false,null,,false,false,null,
लक्ष्मी स्टील्स प्रा. लिमिटेड,"M8PV+8QH, Sat Marg, काठमाडौँ 44600","M8PV+8QH, Sat Marg",काठमाडौँ,44600,+97714111571,NP,null,null,null,null,false,false,false,null,,false,false,null,
"TECHNO SIGN (signboard , 2D-3D board, Steel letter, light board, scrolling display, video screen signage products",काठमाडौँ 44600,,काठमाडौँ,44600,+9779856051495,NP,https://technosign.com.np,null,null,null,false,false,false,null,,false,false,null,
Shangri-La Metal Industries,"टोखा सडक, काठमाडौँ 44600",टोखा सडक,काठमाडौँ,44600,+9779851060526,NP,https://shangrilametal.com,null,null,null,false,false,false,null,,false,false,null,
Himal Signage,"Unnamed Road, ललितपुर 44600",Unnamed Road,ललितपुर,44600,+9779851129324,NP,https://himalsignage.com.np,null,null,null,false,false,false,null,,false,false,null,
Kathmandu Prefab House Pvt Ltd,"Handigaon Marg, काठमाडौँ 44600",Handigaon Marg,काठमाडौँ,44600,+9779841351058,NP,null,null,null,null,false,false,false,null,,false,false,null,
Metal Work Nepal,"Imadol, Lalitpur 44705",Imadol,Lalitpur,44705,+9779843935689,NP,null,null,null,null,false,false,false,null,,false,false,null,
Ankur metal ind.pvt.ltd.,"tyanglaphat chowk, main road, कीर्तिपुर 44600","tyanglaphat chowk, main road",कीर्तिपुर,44600,+97714330416,NP,null,null,null,null,false,false,false,null,,false,false,null,
K.D. Metal Workshop Pvt. Ltd.,"पक्वहिती मार्ग, काठमाडौँ 44600",पक्वहिती मार्ग,काठमाडौँ,44600,+9779851038715,NP,null,null,null,null,false,false,false,null,,false,false,null,
Metalwood workshop,काठमाडौँ 44600,,काठमाडौँ,44600,+9779843716667,NP,null,null,null,null,false,false,false,null,,false,false,null,
G.I and Steel Metal Workshop,"Baburam Acharya Marg, काठमाडौँ 44600",Baburam Acharya Marg,काठमाडौँ,44600,+9779841285894,NP,https://gisteel.com.np,null,null,null,false,false,false,null,,false,false,null,
Eco Steel and Hydro Structures,,,,null,+9779801011809,NP,https://ecosteelnepal.com,null,null,null,false,false,false,null,,false,false,null,
Stall Fabricator in Nepal - EveTech,काठमाडौँ 44600,,काठमाडौँ,44600,+9779851316943,NP,null,null,null,null,false,false,false,null,,false,false,null,
एल्यूमीनियम फेब्रीकेतस प्रा। लिमिटेड,"रिङ्ग रोड, ललितपुर 44700",रिङ्ग रोड,ललितपुर,44700,+97715540009,NP,null,null,null,null,false,false,false,null,,false,false,null,
निखिल बहु सेवा (पी) लिमिटेड,"Macchapokhari, काठमाडौँ 44611",Macchapokhari,काठमाडौँ,44611,+9779841404217,NP,https://nmspl.org.np,null,null,null,false,false,false,null,,false,false,null,
"JPS Furniture Industries Pvt, Ltd.","Bhairab Marg, Budhanilkantha, काठमाडौँ 44600","Bhairab Marg, Budhanilkantha",काठमाडौँ,44600,+9779851173963,NP,null,null,null,null,false,false,false,null,,false,false,null,
Dhokati Enterprises Pvt Ltd,"Tarkeshwor, Padamsal, काठमाडौँ","Tarkeshwor, Padamsal",काठमाडौँ,null,+9779851002992,NP,https://dhokatienterprises.com.np,null,null,null,false,false,false,null,,false,false,null,
Homex Design & Engineering Pvt.Ltd,काठमाडौँ 44600,,काठमाडौँ,44600,+9779851199039,NP,https://homexdesign.com.np,null,null,null,false,false,false,null,,false,false,null,
Quick Fix,"Yanga Galli, काठमाडौँ 44600",Yanga Galli,काठमाडौँ,44600,+9779801717000,NP,https://quickfix.com.np,null,null,null,false,false,false,null,,false,false,null,
Jagdamba Enterprises,"M8PV+9QH, काठमाडौँ 44600",M8PV+9QH,काठमाडौँ,44600,+97714111821,NP,null,null,null,null,false,false,false,null,,false,false,null,
नेपाल एल्यूमिनियम व्यापार प्राइवेट लिमिटेड,"M8HQ+2CQ, काठमाडौँ 44600",M8HQ+2CQ,काठमाडौँ,44600,+9779860035927,NP,null,null,null,null,false,false,false,null,,false,false,null,
M and T Suppliers,"M8FR+GVX, काठमाडौँ 44600",M8FR+GVX,काठमाडौँ,44600,+9779843807667,NP,null,null,null,null,false,false,false,null,,false,false,null,
Metal Shapers,"M85M+FV7, ललितपुर 44700",M85M+FV7,ललितपुर,44700,+9779851065959,NP,null,null,null,null,false,false,false,null,,false,false,null,
Rabi metal and fiber company,J9XF+7R3,,J9XF+7R,3,+9779749829336,NP,null,null,null,null,false,false,false,null,,false,false,null,
Best Himalaya ( Singing Bowls Factory - Manufacturer),"Parijat Sadak, काठमाडौँ 44600",Parijat Sadak,काठमाडौँ,44600,+9779851249906,NP,https://besthimalaya.com,null,null,null,false,false,false,null,,false,false,null,
ग्लोबल एक्जिम सोलुशन प्रा. लि.,नागार्जुन 44600,,नागार्जुन,44600,+97715373367,NP,https://globaleximsolution.com,null,null,null,false,false,false,null,,false,false,null,
Changing Nepal,"Red cross, अनन्तलिङ्गेश्वर 44600",Red cross,अनन्तलिङ्गेश्वर,44600,+9779851131427,NP,https://changingnepal.com.np,null,null,null,false,false,false,null,,false,false,null,
बिक्की हार्डवेयर हाउस प्रा लि.,"चक्रपथ, काठमाडौँ 44614",चक्रपथ,काठमाडौँ,44614,+97715672147,NP,null,null,null,null,false,false,false,null,,false,false,null,
Furniture Hub,"Chappal KarKhana Chowk, काठमाडौँ 44601",Chappal KarKhana Chowk,काठमाडौँ,44601,+9779801881999,NP,https://furniturehub.com.np,null,null,null,false,false,false,null,,false,false,null,
Goyal Group Nepal,"Charkhal Rd, काठमाडौँ 44600",Charkhal Rd,काठमाडौँ,44600,+97714444454,NP,https://goyalgroupnepal.com,null,null,null,false,false,false,null,,false,false,null,
Saimon Builders,Kathmandu 44600,,Kathmandu,44600,+9779849470626,NP,null,null,null,null,false,false,false,null,,false,false,null,
Lalit Metal Welding Works,"J8XP+44C, Unnamed Road, ललितपुर 44700","J8XP+44C, Unnamed Road",ललितपुर,44700,+97715250131,NP,https://lalitmetal.com.np,null,null,null,false,false,false,null,,false,false,null,
Workshop of Engineering,J9RC+G6F,,J9RC+G,6,+97715580142,NP,null,null,null,null,false,false,false,null,,false,false,null,
Skyline Metal Engineering Works Pvt Ltd,ललितपुर 44700,,ललितपुर,44700,+97715014686,NP,null,null,null,null,false,false,false,null,,false,false,null,
hero's Construction and Engineering Pvt limited,काठमाडौँ 44600,,काठमाडौँ,44600,+9779851067139,NP,https://herosconstruction.com.np,null,null,null,false,false,false,null,,false,false,null,
Karkalo Multipurpose Pvt. Ltd.,"Basuki Nagar Marg, काठमाडौँ 44600",Basuki Nagar Marg,काठमाडौँ,44600,+9779851152170,NP,https://karkalo.com,null,null,null,false,false,false,null,,false,false,null,
Nepal Yantrashala Energy,"Patan Industrial Estate, ललितपुर 44700",Patan Industrial Estate,ललितपुर,44700,+97715422167,NP,https://nysenergy.com.np,null,null,null,false,false,false,null,,false,false,null,
दिव्य ज्योति ईन्जिनियरिङ्,"F24, ललितपुर 44700",F24,ललितपुर,44700,+9779851037910,NP,null,null,null,null,false,false,false,null,,false,false,null,
Vedalaya Construction,"Divyeshwori Planning Madhyapur Thimi-2, काठमाडौँ 44600",Divyeshwori Planning Madhyapur Thimi-2,काठमाडौँ,44600,+97716637703,NP,https://vedalayagroup.com,null,null,null,false,false,false,null,,false,false,null,
Panchakanya Group,"कृष्ण गल्ली, ललितपुर 44600",कृष्ण गल्ली,ललितपुर,44600,+97715426551,NP,https://panchakanya.com,null,null,null,false,false,false,null,,false,false,null,
Pvt. Ltd,"Balaju Industrial District, काठमाडौँ 44600",Balaju Industrial District,काठमाडौँ,44600,+9779760215880,NP,null,null,null,null,false,false,false,null,,false,false,null,
N.Gurkha Khukuri House,"JP Rd, काठमाडौँ 44600",JP Rd,काठमाडौँ,44600,+9779841441914,NP,null,null,null,null,false,false,false,null,,false,false,null,
Ghumti Sewa,"इमाडोल मार्ग, 44600",इमाडोल मार्ग,,44600,+9779862598626,NP,null,null,null,null,false,false,false,null,,false,false,null,
Workshop of Welding & Fabrication,Gwarko,Gwarko,,null,+9779860101150,NP,null,null,null,null,false,false,false,null,,false,false,null,
"TECHNO SIGN (signboard , 2D-3D board, Steel letter, light board, scrolling display, video screen signage products",काठमाडौँ 44600,,काठमाडौँ,44600,+9779856051495,NP,https://technosign.com.np,fromtechnosign@gmail.com,+9779856051495,null,false,false,false,null,,false,false,null,
Himal Signage,"Unnamed Road, ललितपुर 44600",Unnamed Road,ललितपुर,44600,+9779851129324,NP,https://himalsignage.com.np,himalsignagektm@gmail.com,+9779851129324,null,false,false,false,null,,false,false,null,
निखिल बहु सेवा (पी) लिमिटेड,"Macchapokhari, काठमाडौँ 44611",Macchapokhari,काठमाडौँ,44611,+9779841404217,NP,https://nmspl.org.np,info@nmspl.org.np,+97714951657,null,false,false,false,null,,false,false,null,
धातु काठ नेपाल,ललितपुर 44600,,ललितपुर,44600,+9779808381010,NP,https://metalwoodnepal.com,metalwoodnepal@gmail.com,+9779808381010,null,false,false,false,null,,false,false,null,
Best Himalaya ( Singing Bowls Factory - Manufacturer),"Parijat Sadak, काठमाडौँ 44600",Parijat Sadak,काठमाडौँ,44600,+9779851249906,NP,https://besthimalaya.com,business@besthimalaya.com,+9779851249906,+9779851249906,false,false,false,null,,false,false,null,
Furniture Hub,"Chappal KarKhana Chowk, काठमाडौँ 44601",Chappal KarKhana Chowk,काठमाडौँ,44601,+9779801881999,NP,https://furniturehub.com.np,info@furniturehub.com.np,+9779801881999,null,false,false,false,null,,false,false,null,
Lalit Metal Welding Works,"J8XP+44C, Unnamed Road, ललितपुर 44700","J8XP+44C, Unnamed Road",ललितपुर,44700,+97715250131,NP,https://lalitmetal.com.np,lalitmetal@hotmail.com,+97715010703,null,false,false,false,null,,false,false,null,
hero's Construction and Engineering Pvt limited,काठमाडौँ 44600,,काठमाडौँ,44600,+9779851067139,NP,https://herosconstruction.com.np,herosengineering111@gmail.com,+9779851067139,null,false,false,false,null,,false,false,null,
Karkalo Multipurpose Pvt. Ltd.,"Basuki Nagar Marg, काठमाडौँ 44600",Basuki Nagar Marg,काठमाडौँ,44600,+9779851152170,NP,https://karkalo.com,sales@karkalo.com,+9779851152170,null,false,false,false,null,,false,false,null,
Nepal Yantrashala Energy,"Patan Industrial Estate, ललितपुर 44700",Patan Industrial Estate,ललितपुर,44700,+97715422167,NP,https://nysenergy.com.np,nysenergy@hons.com.np,null,null,false,false,false,null,,false,false,null,
Vedalaya Construction,"Divyeshwori Planning Madhyapur Thimi-2, काठमाडौँ 44600",Divyeshwori Planning Madhyapur Thimi-2,काठमाडौँ,44600,+97716637703,NP,https://vedalayagroup.com,info@vedalayagroup.com,+9779851333014,null,false,false,false,null,,false,false,null,
Panchakanya Group,"कृष्ण गल्ली, ललितपुर 44600",कृष्ण गल्ली,ललितपुर,44600,+97715426551,NP,https://panchakanya.com,info@panchakanya.com,+97716600170007,+9779801981705,false,false,false,null,,false,false,null,
ANGLES DECOR PVT.LTD. ( OUTDOOR RATTAN FURNITURE IN NEPAL ),"Bus park, Budhanilkantha, काठमाडौँ 44600","Bus park, Budhanilkantha",काठमाडौँ,44600,+9779801018827,NP,https://anglesdecor.com.np,info@anglesdecor.com,+NP9101112,null,false,false,false,null,,false,false,null,
Quality Furniture Hub Pvt. Ltd.,"P8J4+X9H, Balaju, काठमाडौँ 44600","P8J4+X9H, Balaju",काठमाडौँ,44600,+9779861192180,NP,null,null,null,null,false,false,false,null,,false,false,null,
Nepal Furniture Factory,काठमाडौँ 44600,,काठमाडौँ,44600,+9779851202617,NP,null,null,null,null,false,false,false,null,,false,false,null,
modular furniture nepal,"dotel dairy chowk, beside dotel dairy, काठमाडौँ 44600","dotel dairy chowk, beside dotel dairy",काठमाडौँ,44600,+9779761817821,NP,https://modularfurniturenepal.com,null,null,null,false,false,false,null,,false,false,null,
Wood Factory,"Baudha Dwar, Pashupati Marga, काठमाडौँ 44600","Baudha Dwar, Pashupati Marga",काठमाडौँ,44600,+9779823031277,NP,null,null,null,null,false,false,false,null,,false,false,null,
Brotherwood Interior Nepal Pvt Ltd,"2 Basanta Colony Rd, तारकेश्वर 44600",2 Basanta Colony Rd,तारकेश्वर,44600,+9779843670312,NP,null,null,null,null,false,false,false,null,,false,false,null,
FQ Modular Furniture,"Q86C+XM5, काठमाडौँ 44600",Q86C+XM5,काठमाडौँ,44600,+9779843322652,NP,null,null,null,null,false,false,false,null,,false,false,null,
"Liberty Furniture Industries , Kathmandu","Tokha-3, काठमाडौँ 44600",Tokha-3,काठमाडौँ,44600,+9779851345169,NP,null,null,null,null,false,false,false,null,,false,false,null,
Furniture Mahal Private Limited,"Sitapaila Kathmandu Near Manmohan Hospital, काठमाडौँ 44600",Sitapaila Kathmandu Near Manmohan Hospital,काठमाडौँ,44600,+97715379144,NP,https://furnituremahal.com.np,sales@furnituremahal.com.np,+97715379144,null,false,false,false,null,,false,false,null,
Kantipur Wrought Iron Furniture,"Q952+M7Q, गोल्फुटार रोड, बुढानीलकण्ठ 44600","Q952+M7Q, गोल्फुटार रोड",बुढानीलकण्ठ,44600,+97714370168,NP,null,null,null,null,false,false,false,null,,false,false,null,
SS Furniture,"Unnamed Road, Kathmandu 44600, काठमाडौँ 44600","Unnamed Road, Kathmandu 44600",काठमाडौँ,44600,+9779840892862,NP,https://ssfurniture90.wixsite.com,null,null,null,false,false,false,null,,false,false,null,
Suppliers,"P7CR+GWC, काठमाडौँ 44600",P7CR+GWC,काठमाडौँ,44600,+9779851161149,NP,null,null,null,null,false,false,false,null,,false,false,null,
FQ Furniture Factory,"Q86C+XM5, टोखा 44600",Q86C+XM5,टोखा,44600,+9779843322652,NP,null,null,null,null,false,false,false,null,,false,false,null,
Furnishing Nepal,टोखा 44600,,टोखा,44600,+9779863690471,NP,null,null,null,null,false,false,false,null,,false,false,null,
Nincane Furnistore,काठमाडौँ 44600,,काठमाडौँ,44600,+9779851168958,NP,https://nincanes.com,nincane@gmail.com,+9779851168958,+9779851168958,false,false,false,null,,false,false,null,
WoodCraft Nepal,काठमाडौँ 44600,,काठमाडौँ,44600,+9779841662211,NP,null,null,null,null,false,false,false,null,,false,false,null,
Rajdhani Furniture,काठमाडौँ 32811,,काठमाडौँ,32811,+9779851340321,NP,https://rajdhanifurniture.com,null,null,null,false,false,false,null,,false,false,null,
Legacy Furniture,काठमाडौँ 44600,,काठमाडौँ,44600,+97715382079,NP,null,null,null,null,false,false,false,null,,false,false,null,
Om homeland furniture udhyog,"Bagmati Bridge, काठमाडौँ 44600",Bagmati Bridge,काठमाडौँ,44600,+9779851144339,NP,https://ohfurniture.shop,null,null,null,false,false,false,null,,false,false,null,
"Kathmandu sofa , recliner chair, modular furniture maker and repair",काठमाडौँ 44600,,काठमाडौँ,44600,+9779841856790,NP,null,null,null,null,false,false,false,null,,false,false,null,
सनराइज फर्नीचर शोरुम,"Kushibu, स्वयम्भु मार्ग, काठमाडौँ 44600","Kushibu, स्वयम्भु मार्ग",काठमाडौँ,44600,+97715919075,NP,https://sunrisefurniturenepal.com.np,null,null,null,false,false,false,null,,false,false,null,
DLY FURNITURE,"Dhanawantari Marg, काठमाडौँ 44600",Dhanawantari Marg,काठमाडौँ,44600,+9779863320513,NP,https://dlynepal.com,null,null,null,false,false,false,null,,false,false,null,
Keshar And Son’s Furniture,"Road, ललितपुर 44600",Road,ललितपुर,44600,+9779763459730,NP,https://kesharandsonsfurniture.com,null,null,null,false,false,false,null,,false,false,null,
Himalayan furniture and sofa factory,"M95C+M37 Anantalingeshwar, भक्तपुर",M95C+M37 Anantalingeshwar,भक्तपुर,null,+9779842533143,NP,https://himalayanfurnitureandsofa.com,null,null,null,false,false,false,null,,false,false,null,
नयाँ ड्रैगन फर्नीचर,"चारखाल रोड, काठमाडौँ 44600",चारखाल रोड,काठमाडौँ,44600,+97714519423,NP,null,null,null,null,false,false,false,null,,false,false,null,
Italian Furniture pvt ltd,"Maitri Marg, काठमाडौँ 44600",Maitri Marg,काठमाडौँ,44600,+97714469845,NP,null,null,null,null,false,false,false,null,,false,false,null,
Kathmandu Furniture Udhyog,"Kapan, काठमाडौँ 44600",Kapan,काठमाडौँ,44600,+9779825935384,NP,null,null,null,null,false,false,false,null,,false,false,null,
"Alfa Furniture (Office Chair, Ergonomic Chair in Kathmandu)","Bhagwati Bahal, काठमाडौँ 44600",Bhagwati Bahal,काठमाडौँ,44600,+9779852673072,NP,https://alfafurnituremart.com,alfafurniture377@gmail.com,+97718008906827,null,false,false,false,null,,false,false,null,
Rhinoland,"end corner near, Chowk Bhimsen Marga, काठमाडौँ 44600","end corner near, Chowk Bhimsen Marga",काठमाडौँ,44600,+9779823107774,NP,https://rhinolandfurniture.com,rhinolandnepal@gmail.com,+9779823107774,null,false,false,false,null,,false,false,null,
Furniture Republic Nepal,"NEXT TO, Silver City Apartments, Kalika Marg, काठमाडौँ 44660","NEXT TO, Silver City Apartments, Kalika Marg",काठमाडौँ,44660,+9779802262509,NP,https://furniturerepublicgroup.com,null,null,null,false,false,false,null,,false,false,null,
Mata Jalpa Devi Furniture Udhyog,"M7XC+C8, नागार्जुन 44600",M7XC+C8,नागार्जुन,44600,+9779704532563,NP,https://jfurnitures.com.np,null,null,null,false,false,false,null,,false,false,null,
सेकेन्ड हेन्ड शप,"चक्रपथ, काठमाडौँ 44600",चक्रपथ,काठमाडौँ,44600,+9779851234047,NP,https://secondhandshop.com.np,secondhandshop.ktm@gmail.com,+9779851234047,+9779851234047,false,false,false,null,,false,false,null,
Tamakoshi furniture,"M9WF+379, कागेश्वरी मनोहरा 44600",M9WF+379,कागेश्वरी मनोहरा,44600,+9779843745215,NP,null,null,null,null,false,false,false,null,,false,false,null,
Nepal Furnicraft-Furniture in Lalitpur,44700,,,44700,+9779841209312,NP,null,null,null,null,false,false,false,null,,false,false,null,
शाही फर्नीचर,"Baluwatar, Shital margh, काठमाडौँ 44616","Baluwatar, Shital margh",काठमाडौँ,44616,+97714529641,NP,https://imperialfurniture.com.np,null,null,null,false,false,false,null,,false,false,null,
Baishnab Furniture Udhyog,"M962+69M Mahalaxmi-4, काठमाडौँ 44600",M962+69M Mahalaxmi-4,काठमाडौँ,44600,+9779851176905,NP,null,null,null,null,false,false,false,null,,false,false,null,
Guchaa Decor - Furniture Store in Kathmandu Nepal,"Koteshwor-32 Jadibuti chowk, काठमाडौँ 44600",Koteshwor-32 Jadibuti chowk,काठमाडौँ,44600,+9779851172205,NP,https://guchaa.com,guchaaonlinestore@gmail.com,+9779851172205,null,false,false,false,null,,false,false,null,
Dhukchin Tibetan Antique Furniture,"P9G8+CXH, काठमाडौँ 44600",P9G8+CXH,काठमाडौँ,44600,+9779841617497,NP,null,null,null,null,false,false,false,null,,false,false,null,
Classic Wood Nepal,बुढानीलकण्ठ 44600,,बुढानीलकण्ठ,44600,+9779843611800,NP,null,null,null,null,false,false,false,null,,false,false,null,
Mangal decor,"Gurju Marga, काठमाडौँ 44600",Gurju Marga,काठमाडौँ,44600,+9779841019938,NP,null,null,null,null,false,false,false,null,,false,false,null,
Uma International Furniture,"P86J+V4Q, भग्वती मार्ग, काठमाडौँ 44605","P86J+V4Q, भग्वती मार्ग",काठमाडौँ,44605,+9779818620107,NP,null,null,null,null,false,false,false,null,,false,false,null,
Kathmandu nepal furniture,"P88X+JC3, काठमाडौँ 44600",P88X+JC3,काठमाडौँ,44600,+9779844075789,NP,null,null,null,null,false,false,false,null,,false,false,null,
DALLU FURNITURE,"लखतिर्थ मार्ग, काठमाडौँ 44600",लखतिर्थ मार्ग,काठमाडौँ,44600,+9779841373270,NP,null,null,null,null,false,false,false,null,,false,false,null,
सोफा हेरविचार फर्नीचर,"44600, काठमाडौँ",44600,काठमाडौँ,null,+9779851159314,NP,null,null,null,null,false,false,false,null,,false,false,null,
सूर्य काष्ठ उद्योग,"Koteshwor-35, Shree Shanti Marga, 44600","Koteshwor-35, Shree Shanti Marga",,44600,+97714601337,NP,null,null,null,null,false,false,false,null,,false,false,null,
इन्डेक्स फर्नीचर नेपाल,"Palace Museum, North Gate Road, काठमाडौँ 44600","Palace Museum, North Gate Road",काठमाडौँ,44600,+97714415181,NP,https://indexfurniture.com.np,sales_online@indexfurniture.com.np,+97715444270,null,false,false,false,null,,false,false,null,
Interior Shop Decoration,"P8X9+43M, Baniyatar Rd, काठमाडौँ 44600","P8X9+43M, Baniyatar Rd",काठमाडौँ,44600,+9779846871454,NP,null,null,null,null,false,false,false,null,,false,false,null,
"Sofa Hub Kathmandu, Basundhara","Near Southwestern State College, Basundhara Chauki, काठमाडौँ 44600","Near Southwestern State College, Basundhara Chauki",काठमाडौँ,44600,+9779820114870,NP,https://sofahubkathmandu.com,sofahubkathmandu@gmail.com,+9779851152589,+9779851152589,false,false,false,null,,false,false,null,
ध्रुव काष्ठ तथा फर्निचर उद्योग,"3 बौद्धनाथ सडक, काठमाडौँ 44600",3 बौद्धनाथ सडक,काठमाडौँ,44600,+97714914718,NP,null,null,null,null,false,false,false,null,,false,false,null,
Sofa Store Kathmandu,काठमाडौँ 44600,,काठमाडौँ,44600,+9779851221129,NP,https://sofastorekathmandu.com,null,null,null,false,false,false,null,,false,false,null,
Lux Sofa and Furniture,"Sitapaila Rd, काठमाडौँ 44600",Sitapaila Rd,काठमाडौँ,44600,+9779851095923,NP,null,null,null,null,false,false,false,null,,false,false,null,
"Sofa Hub Kathmandu, Gothatar","Gothatar - 09, काठमाडौँ 44600",Gothatar - 09,काठमाडौँ,44600,+9779851152589,NP,https://sofahubkathmandu.com,sofahubkathmandu@gmail.com,+9779851152589,+9779851152589,false,false,false,null,,false,false,null,
Demba Furniture,"M962+XQ5, ललितपुर 44600",M962+XQ5,ललितपुर,44600,+9779849499063,NP,null,null,null,null,false,false,false,null,,false,false,null,
Guchaa Decor,"M89P+JJ, ललितपुर 44600",M89P+JJ,ललितपुर,44600,+9779851172205,NP,https://guchaa.com,guchaaonlinestore@gmail.com,+9779851172205,null,false,false,false,null,,false,false,null,
Global Future Furniture - Best Furniture in Kathmandu,"Thirbam Sadak, काठमाडौँ 44600",Thirbam Sadak,काठमाडौँ,44600,+9779846362194,NP,https://globaltrade.com.np,null,null,null,false,false,false,null,,false,false,null,
Online Sofa Centre,काठमाडौँ 44600,,काठमाडौँ,44600,+9779851184662,NP,null,null,null,null,false,false,false,null,,false,false,null,
नेपाल फलाम र काठ को फर्नीचर आपूर्तिकर्ताओं,ललितपुर 44700,,ललितपुर,44700,+97715526323,NP,null,null,null,null,false,false,false,null,,false,false,null,
Lucky Decor,काठमाडौँ 44600,,काठमाडौँ,44600,+9779860563804,NP,null,null,null,null,false,false,false,null,,false,false,null,
कृष्ण नेपाल काष्ठ फर्निचर उद्योग,"भतकेकोपुल-5, भतकेकोपुल मार्ग, 44602","भतकेकोपुल-5, भतकेकोपुल मार्ग",,44602,+9779841389107,NP,null,null,null,null,false,false,false,null,,false,false,null,
Smith & Fabricators Pvt. Ltd. - Furniture Shop in Kathmandu,"Chandi Marg, ललितपुर 44600",Chandi Marg,ललितपुर,44600,+9779801233983,NP,https://smithandfabricators.com,null,null,null,false,false,false,null,,false,false,null,
फर्निचर कारखाना,"M8CF+883, ललितपुर 44700",M8CF+883,ललितपुर,44700,+9779803288978,NP,null,null,null,null,false,false,false,null,,false,false,null,
GLOBAL FURNITURE HUB,काठमाडौँ 44600,,काठमाडौँ,44600,+9779818477635,NP,null,null,null,null,false,false,false,null,,false,false,null,
Rich Interior- Best furniture shop in kathmandu,"12 Bhansar Marg, काठमाडौँ 44600",12 Bhansar Marg,काठमाडौँ,44600,+97715351187,NP,null,null,null,null,false,false,false,null,,false,false,null,
चण्डीका,"M8WP+87V, सहभागिता मार्ग, काठमाडौँ 44600","M8WP+87V, सहभागिता मार्ग",काठमाडौँ,44600,+9779851192227,NP,null,null,null,null,false,false,false,null,,false,false,null,
Index Furniture Nepal Pvt Ltd.,"Blue Star Complex, काठमाडौँ 44600",Blue Star Complex,काठमाडौँ,44600,+97715444270,NP,https://indexfurniture.com.np,sales_online@indexfurniture.com.np,+97715444270,null,false,false,false,null,,false,false,null,
Bira Furniture,"Patan Industrial estate, ललितपुर 44700",Patan Industrial estate,ललितपुर,44700,+97715522253,NP,https://birafurniture.com,null,null,null,false,false,false,null,,false,false,null,
New Landmark Furnishing and Furniture,"Chakrapath, काठमाडौँ 44600",Chakrapath,काठमाडौँ,44600,+9779851051527,NP,null,null,null,null,false,false,false,null,,false,false,null,
R.B Furniture Supplies,"Medical Chowk, Nayabazar Kathmandu, काठमाडौँ 44600","Medical Chowk, Nayabazar Kathmandu",काठमाडौँ,44600,+9779843572100,NP,null,null,null,null,false,false,false,null,,false,false,null,
Sleepwell Authorised Dealer - Furniture Folio Pvt Ltd,"Krishna Tower, Nearby ASG Eye Hospital, Bijuli Bazar, काठमाडौँ 44600","Krishna Tower, Nearby ASG Eye Hospital, Bijuli Bazar",काठमाडौँ,44600,+97715905444,NP,null,null,null,null,false,false,false,null,,false,false,null,
आकर्षण क्रियसन्स,काठमाडौँ 44600,,काठमाडौँ,44600,+97715445055,NP,null,null,null,null,false,false,false,null,,false,false,null,
Furni Touch Lifestyle Pvt. Ltd.,"थापाथली सडक, काठमाडौँ 44600",थापाथली सडक,काठमाडौँ,44600,+9779851227243,NP,https://furnitouch.com.np,null,null,null,false,false,false,null,,false,false,null,
कन्चन अर्चन फर्निचर सप्लायर्स,"Bich Binayak Chowk, टोखा 44600",Bich Binayak Chowk,टोखा,44600,+9779851095108,NP,null,null,null,null,false,false,false,null,,false,false,null,
Modern Furniture,"Ram Mandir, Bhaktapur 44600",Ram Mandir,Bhaktapur,44600,+9779851325590,NP,null,null,null,null,false,false,false,null,,false,false,null,
Furniture,"Annapurna chowk, काठमाडौँ 44600",Annapurna chowk,काठमाडौँ,44600,+9779849724653,NP,null,null,null,null,false,false,false,null,,false,false,null,
Ashley Furniture Homestore Nepal,काठमाडौँ 44600,,काठमाडौँ,44600,+97715921192,NP,https://ashleyfurniturenepal.com,sales@ashleyfurniturenepal.com,+97715921192,+9779702639957,false,false,false,null,,false,false,null,
Shree P. B. Furnishing,"बाग बजार सडक, काठमाडौँ 44605",बाग बजार सडक,काठमाडौँ,44605,+97715352388,NP,null,null,null,null,false,false,false,null,,false,false,null,
HITECH FURNITURE,"1st Floor, Maiti Devi Marg, काठमाडौँ 44600","1st Floor, Maiti Devi Marg",काठमाडौँ,44600,+97714539001,NP,https://hitechfurniture.com.np,null,+97710171136,null,false,false,false,null,,false,false,null,
Kursi Nepal,"Gaushala Road, काठमाडौँ 44600",Gaushala Road,काठमाडौँ,44600,+9779851029351,NP,https://kursinepal.com,info@kursinepal.com,+9779851029351,null,false,false,false,null,,false,false,null,
Chaukosh Nepal Pvt. Ltd,"M98Q+X8R, Thimi-Biruwa Rd, अनन्तलिङ्गेश्वर","M98Q+X8R, Thimi-Biruwa Rd",अनन्तलिङ्गेश्वर,null,+9779864007399,NP,null,null,null,null,false,false,false,null,,false,false,null,
Jaya Furnishers,"Dillibazar Road, काठमाडौँ 44605",Dillibazar Road,काठमाडौँ,44605,+97714513169,NP,https://jayafurnishers.com.np,null,null,null,false,false,false,null,,false,false,null,
डल्फिन फर्नीचर आपूर्तिकर्ता,"P8QM+3W7, महाराजगंज रोड, काठमाडौँ 44600","P8QM+3W7, महाराजगंज रोड",काठमाडौँ,44600,+97714720471,NP,null,null,null,null,false,false,false,null,,false,false,null,
Cane Bamboo Furniture,"P8CW+CHM, काठमाडौँ 44600",P8CW+CHM,काठमाडौँ,44600,+9779817307145,NP,null,null,null,null,false,false,false,null,,false,false,null,
Buddha Furniture,"Rajtirtha Marg, ललितपुर 44600",Rajtirtha Marg,ललितपुर,44600,+9779841927371,NP,null,null,null,null,false,false,false,null,,false,false,null,
Alishan Furniture World Pvt. Ltd,"P7FP+94X, Sanobharyang Rd, काठमाडौँ 44600","P7FP+94X, Sanobharyang Rd",काठमाडौँ,44600,+9779851335347,NP,null,null,null,null,false,false,false,null,,false,false,null,
Woodberry Furniture Pvt Ltd,काठमाडौँ 44600,,काठमाडौँ,44600,+9779841062443,NP,null,null,null,null,false,false,false,null,,false,false,null,
SB Furniture Hub,"Siddhicharan Marg, काठमाडौँ 44600",Siddhicharan Marg,काठमाडौँ,44600,+9779851186235,NP,https://sbfurniturehub.com,null,null,null,false,false,false,null,,false,false,null,
Decor Home Nepal,काठमाडौँ 44600,,काठमाडौँ,44600,+9779851077795,NP,https://decorhomenepal.com,null,null,null,false,false,false,null,,false,false,null,
Mastercraft Nepal Pvt Ltd,"M8J2+CQV, Mastercraft factory, ललितपुर 44600","M8J2+CQV, Mastercraft factory",ललितपुर,44600,+9779801115921,NP,null,null,null,null,false,false,false,null,,false,false,null,
NextGen,काठमाडौँ 44600,,काठमाडौँ,44600,+9779849151220,NP,https://nextgeninterior.com,nextgeninteriors2022@gmail.com,+9779849151220,+9779849151220,false,false,false,null,,false,false,null,
SB Furniture,"Hospital Rd, ललितपुर",Hospital Rd,ललितपुर,null,+97715440747,NP,https://sbfurniturenepal.com,info@sbfurniturenepal.com,+977015423864+977015440747+977015448418,+9779808212233,false,false,false,null,,false,false,null,
KKS Furniture Shop,"Dilli Bazaar Sadak, काठमाडौँ 44600",Dilli Bazaar Sadak,काठमाडौँ,44600,+9779803227236,NP,null,null,null,null,false,false,false,null,,false,false,null,
Dolphin plastic,काठमाडौँ 44600,,काठमाडौँ,44600,+9779802947003,NP,https://dolphinnepal.com,null,null,null,false,false,false,null,,false,false,null,
Basnuhos Sofa,ललितपुर 44700,,ललितपुर,44700,+9779851186114,NP,null,null,null,null,false,false,false,null,,false,false,null,
R. S. Enterprises Pvt. Ltd.,"Near Dhobi Khola river Kumaristhan, Budhanilkantha, काठमाडौँ 44600","Near Dhobi Khola river Kumaristhan, Budhanilkantha",काठमाडौँ,44600,+97714428357,NP,https://rsenterprises.com.np,support@rsgroupnepal.com,+9779851038680,null,false,false,false,null,,false,false,null,
Bean Bag Nepal,"Ganesthan Marg, काठमाडौँ 44602",Ganesthan Marg,काठमाडौँ,44602,+9779851122887,NP,null,null,null,null,false,false,false,null,,false,false,null,
La Casa Decors,"Subidhanagar, Tinkune, काठमाडौँ 44600","Subidhanagar, Tinkune",काठमाडौँ,44600,+9779801136644,NP,https://lacasadecors.com,hello@lacasadecors.com,+9779801136644,+9779801136644,false,false,false,null,,false,false,null,
Pasal Nepal B2B,"D&D Building, Balbhadra Marga, काठमाडौँ 44600","D&D Building, Balbhadra Marga",काठमाडौँ,44600,+9779851134183,NP,https://pasalnepal.com,bdo@pasalnepal.com.np,+9779851134183,+9779851134183,false,false,false,null,,false,false,null,
Surat Furniture Suppliers,"P7FW+29Q, Janaheet Marg, काठमाडौँ 44600","P7FW+29Q, Janaheet Marg",काठमाडौँ,44600,+9779851161149,NP,null,null,null,null,false,false,false,null,,false,false,null,
Sofa Zone Nepal,"M7MW+RXP, काठमाडौँ 44600",M7MW+RXP,काठमाडौँ,44600,+9779841450875,NP,null,null,null,null,false,false,false,null,,false,false,null,
Sudha Modular Furniture,काठमाडौँ 44600,,काठमाडौँ,44600,+97715908022,NP,null,null,null,null,false,false,false,null,,false,false,null,
हलेसी डेकोर,"चक्रपथ, काठमाडौँ 44600",चक्रपथ,काठमाडौँ,44600,+9779851087946,NP,https://halesidecor.com.np,info@halesidecor.com.np,+97715903083,null,false,false,false,null,,false,false,null,
Himalayan Sofa and Furniture,काठमाडौँ 44600,,काठमाडौँ,44600,+9779851335169,NP,https://himalayansofa.com,himalayansofa@gmail.com,+9779851335169,+9779841234567,false,false,false,null,,false,false,null,
Electronic Lab Nepal,काठमाडौँ 44600,,काठमाडौँ,44600,+9779863277913,NP,https://electroniclabnepal.com,info@electroniclabnepal.com,+9779863277913,+9779863277913,false,false,false,null,,false,false,null,
Prizma Electronics Pvt. Ltd.,"P883+4RR, Kushlechaur Marg, काठमाडौँ 44600","P883+4RR, Kushlechaur Marg",काठमाडौँ,44600,+97714255695,NP,https://prizmaelectronics.com,support@prizmaelectronics.com,+97714255695,null,false,false,false,null,,false,false,null,
ULTIMATE ELECTRONICS,"चाबहिल मार्ग, काठमाडौँ 44602",चाबहिल मार्ग,काठमाडौँ,44602,+9779841201487,NP,https://electromandu.com,null,null,null,false,false,false,null,,false,false,null,
Samakhushi Chowk,"ktm, samskhushi chowk, काठमाडौँ 44600","ktm, samskhushi chowk",काठमाडौँ,44600,+9779851045662,NP,null,null,null,null,false,false,false,null,,false,false,null,
Nepal Electronics Solutions,"P8M7+QRG, chowk सामाखुशी मार्ग, काठमाडौँ 44600","P8M7+QRG, chowk सामाखुशी मार्ग",काठमाडौँ,44600,+97714975300,NP,null,null,null,null,false,false,false,null,,false,false,null,
Home & Electronics Factory Outlet,काठमाडौँ 44600,,काठमाडौँ,44600,+97714526007,NP,null,null,null,null,false,false,false,null,,false,false,null,
Him Electronics,काठमाडौँ 44600,,काठमाडौँ,44600,+97715909999,NP,https://himelectronics.com,info.him@golchhagroup.com.np,+97716600188088,null,false,false,false,null,,false,false,null,
Led Nepal,Kathmandu 44600,,Kathmandu,44600,+9779851424141,NP,https://lednepal.com,null,+9779851424141,null,false,false,false,null,,false,false,null,
हिमालयन सोल्युशन,"Pipal Bot Marg, काठमाडौँ 44600",Pipal Bot Marg,काठमाडौँ,44600,+9779801045129,NP,https://himalayansolution.com,info@himalayansolution.com,+9779801045129,null,false,false,false,null,,false,false,null,
Nobel electronics nepal,"1 बत्तीसपुतली सडक, काठमाडौँ 44604",1 बत्तीसपुतली सडक,काठमाडौँ,44604,+9779709151945,NP,null,null,null,null,false,false,false,null,,false,false,null,
Digital Technics Pvt. Ltd.,"Tahachal, Chagal, काठमाडौँ 44600","Tahachal, Chagal",काठमाडौँ,44600,+97714284888,NP,null,null,null,null,false,false,false,null,,false,false,null,
Lobo Nepal Electronics,"Sahyogi Nagar, koteshwor, near Mahadev Temple, next to NIC ASIA Bank, काठमाडौँ 44600","Sahyogi Nagar, koteshwor, near Mahadev Temple, next to NIC ASIA Bank",काठमाडौँ,44600,+9779866996111,NP,https://lngnepal.com,lngappliances@gmail.com,+97715914309,null,false,false,false,null,,false,false,null,
Technos electronics,"P836+25V, काठमाडौँ 44600",P836+25V,काठमाडौँ,44600,+97715909002,NP,https://technoselectronics.com,null,null,null,false,false,false,null,,false,false,null,
City Electronics,काठमाडौँ 44600,,काठमाडौँ,44600,+9779851050049,NP,null,null,null,null,false,false,false,null,,false,false,null,
Rapti Trading Company Pvt. Ltd.,"P8GR+6X7, Baraha Marg, काठमाडौँ 44600","P8GR+6X7, Baraha Marg",काठमाडौँ,44600,+97714545900,NP,https://raptitrading.com.np,null,null,null,false,false,false,null,,false,false,null,
Sushmit International,"M8MX+8HR Pancheshwor Mhttps://www.google.com/local/place/rap/edit/locationarg, काठमाडौँ 44600",M8MX+8HR Pancheshwor Mhttps://www.google.com/local/place/rap/edit/locationarg,काठमाडौँ,44600,+97715199027,NP,https://sushmitgroup.com,info@sushmitgroup.com,+97715199073,null,false,false,false,null,,false,false,null,
अन्तर्राष्ट्रिय इलेक्ट्रनिक सरोकार प्रा.लि.,"1st Floor, Harati Bhawan, पुतलीसडक, काठमाडौँ 44600","1st Floor, Harati Bhawan, पुतलीसडक",काठमाडौँ,44600,+97714521991,NP,https://iec.com.np,support@iec.com.np,+97714521991,null,false,false,false,null,,false,false,null,
Universal Electronics Institute,काठमाडौँ 44600,,काठमाडौँ,44600,+9779851198723,NP,https://mobiletraininginkathmandunepal.com,null,null,null,false,false,false,null,,false,false,null,
डाईस्टार घर उपकरण,"Bashundhara, चक्रपथ, काठमाडौँ 44600","Bashundhara, चक्रपथ",काठमाडौँ,44600,+97715906130,NP,https://distarnepal.com,null,null,null,false,false,false,null,,false,false,null,
Himal Refrigeration and Electrical Industries Pvt. Ltd.,"M8Q5+JGM, ललितपुर 44600",M8Q5+JGM,ललितपुर,44600,+97715520260,NP,https://himalref.com.np,info@domain.com,+97715520123,null,false,false,false,null,,false,false,null,
ग्रेहाउंड इलेक्ट्रनिक्स प्राइवेट लिमिटेड,काठमाडौँ 44600,,काठमाडौँ,44600,+97714432807,NP,null,null,null,null,false,false,false,null,,false,false,null,
Engineers Quality Nepal Pvt.Ltd.,"Guhyeshwori-Gaurighat Kathmandu-08, 44600",Guhyeshwori-Gaurighat Kathmandu-08,,44600,+9779801985618,NP,https://eqnepal.com,mail@eqnepal.com,+9779801985613,null,false,false,false,null,,false,false,null,
LEDCO | Newtech Traders | LED DISPLAY BOARD & LED SIGN BOARD Manufacturer & Supplier in Nepal,"Judo hall, Near Gitanjali Bus Stop, काठमाडौँ 44600","Judo hall, Near Gitanjali Bus Stop",काठमाडौँ,44600,+97714388553,NP,null,null,null,null,false,false,false,null,,false,false,null,
XYZ,"Kathmandu,Nepal kupondole-01, ललितपुर 44600","Kathmandu, Nepal kupondole-01",ललितपुर,44600,+9779844462872,NP,https://xyz.com,null,null,null,false,false,false,null,,false,false,null,
Teletalk Pvt. Ltd.,"M8V7+VG7 Ramesh Tower, Samarpan Marg, काठमाडौँ 44600","M8V7+VG7 Ramesh Tower, Samarpan Marg",काठमाडौँ,44600,+97714117324,NP,null,null,null,null,false,false,false,null,,false,false,null,
Digitek Nepal,"Kyaba Marg, काठमाडौँ 44600",Kyaba Marg,काठमाडौँ,44600,+9779801083550,NP,https://digiteknepal.com,null,null,+9779801083550,false,false,false,null,,false,false,null,
Digitek,"1 दरवार मार्ग, काठमाडौँ 44600",1 दरवार मार्ग,काठमाडौँ,44600,+97714232068,NP,null,null,null,null,false,false,false,null,,false,false,null,
Jaslaya Tech Pvt.Ltd.,"P836+3W, काठमाडौँ 44600",P836+3W,काठमाडौँ,44600,+9779801207070,NP,https://jaslaya.com,info@jaslaya.com,+9779800000000,null,false,false,false,null,,false,false,null,
गिरी इलेक्ट्रिक इन्टरप्राईज,"P856+38G, Nhaikantala, काठमाडौँ 44600","P856+38G, Nhaikantala",काठमाडौँ,44600,+97715320062,NP,null,null,null,null,false,false,false,null,,false,false,null,
मशीनरी र विद्युत,"44600, काठमाडौँ",44600,काठमाडौँ,null,+97715904571,NP,https://mepl.com.np,sales@mecktm.com.np,+97715904570,null,false,false,false,null,,false,false,null,
Ipak International Pvt. Ltd.,"देवकोटा सडक, काठमाडौँ 44600",देवकोटा सडक,काठमाडौँ,44600,+9779802025221,NP,https://ipakintl.com,info@ipakintl.com,+9779802025221,+9779802025221,false,false,false,null,,false,false,null,
Chaudhary Group Electronics Division,"M6PX+C7R, चन्द्रागिरी 44600",M6PX+C7R,चन्द्रागिरी,44600,+97715108122,NP,null,null,null,null,false,false,false,null,,false,false,null,
डिकेड अन्तर्राष्ट्रिय,"Town Planning Entrance Road in, काठमाडौँ 44600",Town Planning Entrance Road in,काठमाडौँ,44600,+97714981281,NP,https://decadeint.com,bishnu@decadeint.com,+97714983043,null,false,false,false,null,,false,false,null,
ट्रेड लिङ्क इन्,"M8VC+GP7, काठमाडौँ 44601",M8VC+GP7,काठमाडौँ,44601,+97714244408,NP,null,null,null,null,false,false,false,null,,false,false,null,
CG Digital Park,"Satungal Chandragiri, H02, Kathmandu 44600","Satungal Chandragiri, H02",Kathmandu,44600,+97715108101,NP,null,null,null,null,false,false,false,null,,false,false,null,
रियल टाइम सोलुसन्स प्रा.लि.,ललितपुर 44600,,ललितपुर,44600,+9779802073321,NP,null,null,null,null,false,false,false,null,,false,false,null,
TCL Consumer Electronics Nepal,"M6PX+F7J, चन्द्रागिरी 44600",M6PX+F7J,चन्द्रागिरी,44600,+9779851273416,NP,https://cgdigital.com.np,info@cgdigital.com.np,+9779851211057,null,false,false,false,null,,false,false,null,
CG Digital,"United World Trade Center, त्रिपुरा मार्ग, काठमाडौँ 44614","United World Trade Center, त्रिपुरा मार्ग",काठमाडौँ,44614,+97714117002,NP,https://cgdigital.com.np,info@cgdigital.com.np,+9779851211057,null,false,false,false,null,,false,false,null,
सार इलेक्ट्रनिक्स,"JIJI house, Opposite to Bhugol Park Gate, नयाँ सडक, 44600","JIJI house, Opposite to Bhugol Park Gate, नयाँ सडक",,44600,+9779803067673,NP,null,null,null,null,false,false,false,null,,false,false,null,
Hisan International Pvt Ltd,"Maitidevi-29, काठमाडौँ 44600",Maitidevi-29,काठमाडौँ,44600,+9779802316400,NP,https://hisangroup.com,null,null,null,false,false,false,null,,false,false,null,
Proud Nepal IT Suppliers Pvt Ltd,काठमाडौँ 44600,,काठमाडौँ,44600,+9779867174242,NP,https://proudnepal.com.np,proudnepalits@gmail.com,+9779867174242,+9779867174242,false,false,false,null,,false,false,null,
Skill Nepal Multi Training Centre,काठमाडौँ 44600,,काठमाडौँ,44600,+9779866377067,NP,https://skillnepal.com.np,null,null,null,false,false,false,null,,false,false,null,
All Nepal Sales & Service Pvt. Ltd.,"Lamatangin Marg, काठमाडौँ 44600",Lamatangin Marg,काठमाडौँ,44600,+97714515256,NP,https://allnepalsales.com,null,null,null,false,false,false,null,,false,false,null,
Daewoo nepal,"Bafal Marg, काठमाडौँ 44600",Bafal Marg,काठमाडौँ,44600,+9779749499946,NP,https://daewoonepal.com,null,null,null,false,false,false,null,,false,false,null,
CG Digital Bishalnagar Showroom,काठमाडौँ 44616,,काठमाडौँ,44616,+97714511269,NP,https://cgdigital.com.np,info@cgdigital.com.np,+9779851211057,null,false,false,false,null,,false,false,null,
पाइन ‌ओभरसिज प्रा. लि.,काठमाडौँ 44600,,काठमाडौँ,44600,+97715346227,NP,https://pineoverseas.com.np,info@pineoverseas.com.np,+97714230441,null,false,false,false,null,,false,false,null,
Led display Nepal,काठमाडौँ 44600,,काठमाडौँ,44600,+9779762109536,NP,https://leddisplaynepal.com,null,null,null,false,false,false,null,,false,false,null,
Plastic Udyog Pvt Ltd,काठमाडौँ 44600,,काठमाडौँ,44600,+9779801156793,NP,null,null,null,null,false,false,false,null,,false,false,null,
Nepal Plastic Wholesale,काठमाडौँ 44600,,काठमाडौँ,44600,+9779815552738,NP,null,null,null,null,false,false,false,null,,false,false,null,
कान्तिपुर प्लाष्टिक सप्लायर्स,"Balaju Machha Pokhari, काठमाडौँ 44600",Balaju Machha Pokhari,काठमाडौँ,44600,+97714352090,NP,null,null,null,null,false,false,false,null,,false,false,null,
बाग्मती प्लाष्टिक,"P8Q4+CG4, सेसमती मार्ग, काठमाडौँ 44600","P8Q4+CG4, सेसमती मार्ग",काठमाडौँ,44600,+9779849291637,NP,null,null,null,null,false,false,false,null,,false,false,null,
Sudip Plastic Wholesale Shop,"गोपी कृष्ण रोड, 44602",गोपी कृष्ण रोड,,44602,+9779841868981,NP,null,null,null,null,false,false,false,null,,false,false,null,
Shree Siddheswor Plastic Supplier,काठमाडौँ 44600,,काठमाडौँ,44600,+9779861936311,NP,null,null,null,null,false,false,false,null,,false,false,null,
RP Enterprises प्लास्टिक पसल,"P9P2+734, Mandikhatar, Near Sukhedhara, Kathmandu 44600","P9P2+734, Mandikhatar, Near Sukhedhara",Kathmandu,44600,+9779841196572,NP,null,null,null,null,false,false,false,null,,false,false,null,
Pashupati plastics industries,गोकर्णेश्वर 44600,,गोकर्णेश्वर,44600,+9779813714344,NP,null,null,null,null,false,false,false,null,,false,false,null,
पुर्णिमा प्लाष्‍टिक उद्योग,"P8J2+H49, काठमाडौँ 44600",P8J2+H49,काठमाडौँ,44600,+97714364750,NP,null,null,null,null,false,false,false,null,,false,false,null,
S.K. Suppliers | Best Plastics and Bubble warp shop in Kathmandu,"P885+HFX, 16 पकनाजोल मार्ग, काठमाडौँ 44600","P885+HFX, 16 पकनाजोल मार्ग",काठमाडौँ,44600,+9779844284125,NP,null,null,null,null,false,false,false,null,,false,false,null,
Manju Shree Plastic Factory Bhaktapur,"MCMF+33J, Unnamed Road, चाँगुनारायण 44800","MCMF+33J, Unnamed Road",चाँगुनारायण,44800,+9779841558671,NP,null,null,null,null,false,false,false,null,,false,false,null,
K.B PET INDUSTRY PVT. LTD,"M87G+495, ठुलो चक्र, ललितपुर 44700","M87G+495, ठुलो चक्र",ललितपुर,44700,+97715445889,NP,null,null,null,null,false,false,false,null,,false,false,null,
Capital Plastic Industries,काठमाडौँ 44600,,काठमाडौँ,44600,+9779851107671,NP,https://capitalplastic.com.np,null,null,null,false,false,false,null,,false,false,null,
Hisi Polythene and Plastic Industries,"P8M2+8RH, काठमाडौँ 44600",P8M2+8RH,काठमाडौँ,44600,+97714351800,NP,null,null,null,null,false,false,false,null,,false,false,null,
Krishna binda plastic suppliers,"Wotu marg, काठमाडौँ 44600",Wotu marg,काठमाडौँ,44600,+9779823272434,NP,null,null,null,null,false,false,false,null,,false,false,null,
New ABC plastic suppliers,"nabil bank, Hattigauda Budhanilakantha Budhanilkantha near, 44600","nabil bank, Hattigauda Budhanilakantha Budhanilkantha near",,44600,+9779852049122,NP,null,null,null,null,false,false,false,null,,false,false,null,
प्लाष्टिक होलसेल,"P973+JXJ, बौद्धवार सडक, काठमाडौँ 44600","P973+JXJ, बौद्धवार सडक",काठमाडौँ,44600,+9779841315060,NP,null,null,null,null,false,false,false,null,,false,false,null,
आनन्द प्लास्टिक,"ठुलो चक्र, ललितपुर 44700",ठुलो चक्र,ललितपुर,44700,+9779851037991,NP,null,null,null,null,false,false,false,null,,false,false,null,
Maa Savitri Plastic,"Jagat Sundar Marg, काठमाडौँ 44600",Jagat Sundar Marg,काठमाडौँ,44600,+9779761815406,NP,null,null,null,null,false,false,false,null,,false,false,null,
कार्की प्लास्टिक दोकान,"P875+2GC, पकनाजोल मार्ग, काठमाडौँ 44600","P875+2GC, पकनाजोल मार्ग",काठमाडौँ,44600,+97714232908,NP,null,null,null,null,false,false,false,null,,false,false,null,
Nepatop ppr &cpvc pipes Tank Factory,"Q825+R5G, काठमाडौँ 44610",Q825+R5G,काठमाडौँ,44610,+97714354117,NP,https://nepatop.com.np,info@nepatop.com.np,+97714954117,null,false,false,false,null,,false,false,null,
PLASTNEPAL FOUNDATION,"M8V4+HVV, सहिद शुकर्‍ मार्ग, काठमाडौँ 44614","M8V4+HVV, सहिद शुकर्‍ मार्ग",काठमाडौँ,44614,+97714100149,NP,https://plastnepalfoundation.com,plastnepalfoundation@gmail.com,+97714100149,null,false,false,false,null,,false,false,null,
Biju Plastic Industry Pvt. Ltd.,"M87G+47M, Patan Industrial Estate, ललितपुर 44700","M87G+47M, Patan Industrial Estate",ललितपुर,44700,+97715526553,NP,null,null,null,null,false,false,false,null,,false,false,null,
Kathmandu Suppliers,"पुष्पलाल मार्ग, काठमाडौँ 44600",पुष्पलाल मार्ग,काठमाडौँ,44600,+9779841179760,NP,null,null,null,null,false,false,false,null,,false,false,null,
तिम्सिना प्लाष्टिक सप्लायर्स,"गणेशमान सिंह पथ, काठमाडौँ 44614",गणेशमान सिंह पथ,काठमाडौँ,44614,+97715374412,NP,null,null,null,null,false,false,false,null,,false,false,null,
Paudel plastic pasal,"170 Tankeshwar Marg, काठमाडौँ 44600",170 Tankeshwar Marg,काठमाडौँ,44600,+9779851148906,NP,null,null,null,null,false,false,false,null,,false,false,null,
J.S Plastic Udhyog,"M87G+W9H, Patan Industrial Estate, ललितपुर 44700","M87G+W9H, Patan Industrial Estate",ललितपुर,44700,+97715522261,NP,null,null,null,null,false,false,false,null,,false,false,null,
सर्वोच्च प्लास्टिक चासो,"M7RX+PCF, विश्वविद्यालय पथ, काठमाडौँ 44600","M7RX+PCF, विश्वविद्यालय पथ",काठमाडौँ,44600,+97714281402,NP,null,null,null,null,false,false,false,null,,false,false,null,
काठमाण्डौ प्लास्टिक एण्ड सप्लायर्स,"M7XX+327, गणेशमान सिंह पथ, काठमाडौँ 44600","M7XX+327, गणेशमान सिंह पथ",काठमाडौँ,44600,+9779851011838,NP,null,null,null,null,false,false,false,null,,false,false,null,
Roadshow UPVC,"P9JJ+Q3W, जोरपाटी सुन्दरीजल सडक, गोकर्णेश्वर 44600","P9JJ+Q3W, जोरपाटी सुन्दरीजल सडक",गोकर्णेश्वर,44600,+97714912868,NP,null,null,null,null,false,false,false,null,,false,false,null,
Kalika Plastic Store,काठमाडौँ 44600,,काठमाडौँ,44600,+9779841722446,NP,null,null,null,null,false,false,false,null,,false,false,null,
प्रशन्ना प्लाष्‍टिक उद्योग,काठमाडौँ 44600,,काठमाडौँ,44600,+97714962281,NP,null,null,null,null,false,false,false,null,,false,false,null,
SN plastic suppliers,"checkpost, काठमाडौँ 44600",checkpost,काठमाडौँ,44600,+9779847338540,NP,null,null,null,null,false,false,false,null,,false,false,null,
Nitanta Plastic Suppliers,"Lazimpat Sadak, काठमाडौँ 44600",Lazimpat Sadak,काठमाडौँ,44600,+9779819491510,NP,null,null,null,null,false,false,false,null,,false,false,null,
Shree Bindavasini Plastic Udyog,"P8J2+C7F, Sai Baba Marg, काठमाडौँ 44600","P8J2+C7F, Sai Baba Marg",काठमाडौँ,44600,+97714383677,NP,null,null,null,null,false,false,false,null,,false,false,null,
Saraswati plastic shop ( nil Saraswati than Ktm lazimpat nepal),"P8CG+483, Gyandip Marg, काठमाडौँ 44600","P8CG+483, Gyandip Marg",काठमाडौँ,44600,+9779813108634,NP,null,null,null,null,false,false,false,null,,false,false,null,
कञ्चन प्लाष्टिक ट्रदिङ,"कोटेश्वर-‍३५, रिङ्ग रोड, 44600","कोटेश्वर-‍३५, रिङ्ग रोड",,44600,+9779841257184,NP,null,null,null,null,false,false,false,null,,false,false,null,
Jay Bishwokarma Plastic Udhyog,"P749+HX9, नागार्जुन 44600",P749+HX9,नागार्जुन,44600,+97715140807,NP,null,null,null,null,false,false,false,null,,false,false,null,
धौलागिरि प्लाष्टिक सप्लायर्स,"M8MM+8HJ, श्री नगर मार्ग, काठमाडौँ 44600","M8MM+8HJ, श्री नगर मार्ग",काठमाडौँ,44600,+9779849389261,NP,null,null,null,null,false,false,false,null,,false,false,null,
Sunil Plastic suppliers,"M7QX+RPV, bishwobidhyalaye path, काठमाडौँ 44600","M7QX+RPV, bishwobidhyalaye path",काठमाडौँ,44600,+9779746233985,NP,null,null,null,null,false,false,false,null,,false,false,null,
प्लास्टिक चासो,"P836+RMH Guccha Tole, सबल बहा:, काठमाडौँ 44600","P836+RMH Guccha Tole, सबल बहा:",काठमाडौँ,44600,+97714228401,NP,null,null,null,null,false,false,false,null,,false,false,null,
शर्मा ट्रेड एन्ड प्लाष्टिक सप्लायर्स,"M7XM+F6C, ज्ञानोदय मार्ग, काठमाडौँ 44600","M7XM+F6C, ज्ञानोदय मार्ग",काठमाडौँ,44600,+97714271852,NP,null,null,null,null,false,false,false,null,,false,false,null,
Kamla Polythene & Plastic Ind. Pvt. Ltd,काठमाडौँ 44600,,काठमाडौँ,44600,+9779851072089,NP,null,null,null,null,false,false,false,null,,false,false,null,
जय संकटा प्लाष्टिक,"P827+Q3H, सुन्धारा मार्ग, काठमाडौँ 44600","P827+Q3H, सुन्धारा मार्ग",काठमाडौँ,44600,+97714243831,NP,null,null,null,null,false,false,false,null,,false,false,null,
प्लाष्‍टिक रिसाईक्लिङ्ग एण्ड प्रोडक्ट्स प्रा.लि.,"4 त्रिशुली राजमार्ग, काठमाडौँ 44600",4 त्रिशुली राजमार्ग,काठमाडौँ,44600,+97716227051,NP,null,null,null,null,false,false,false,null,,false,false,null,
हिलटेक इण्डष्ट्रीज प्राइभेट लिमिटेड,काठमाडौँ 44600,,काठमाडौँ,44600,+97714989223,NP,https://hilltake.com.np,info@hilltake.com.np,+97714988679,null,false,false,false,null,,false,false,null,
Shree Raj Plastic Suppliers,"M9F6+X5W, अरनिको राजमार्ग, मध्यपुर थिमि 44800","M9F6+X5W, अरनिको राजमार्ग",मध्यपुर थिमि,44800,+9779865006055,NP,null,null,null,null,false,false,false,null,,false,false,null,
रकी प्लाष्टिक स्टोर,"P856+5RJ, जगतसुन्दर मार्ग, काठमाडौँ 44600","P856+5RJ, जगतसुन्दर मार्ग",काठमाडौँ,44600,+97714256256,NP,null,null,null,null,false,false,false,null,,false,false,null,
Thulo Kawadi - Recycling,"Chundevi Marga Chundevi Temple, काठमाडौँ 44616",Chundevi Marga Chundevi Temple,काठमाडौँ,44616,+9779869412599,NP,https://thulokawadi.wixsite.com,null,null,null,false,false,false,null,,false,false,null,
अन्नपूर्ण प्लास्टिक स्टोर,"P856+FJG, जगतसुन्दर मार्ग, काठमाडौँ 44600","P856+FJG, जगतसुन्दर मार्ग",काठमाडौँ,44600,+97714251222,NP,null,null,null,null,false,false,false,null,,false,false,null,
अधिकारी प्लास्टिक आपूर्तिकर्ता,"P822+HMH, टंकेश्वर मार्ग, काठमाडौँ 44600","P822+HMH, टंकेश्वर मार्ग",काठमाडौँ,44600,+9779741166650,NP,null,null,null,null,false,false,false,null,,false,false,null,
खड्का प्लाष्टिक पसल,"M9FP+F73, अरनिको राजमार्ग, मध्यपुर थिमि 44800","M9FP+F73, अरनिको राजमार्ग",मध्यपुर थिमि,44800,+9779841099570,NP,null,null,null,null,false,false,false,null,,false,false,null,
Deep Jyoti Plastic Industries - Top water tank & plumbing pipe manufacturing company in nepal,"9 Bidol, भक्तपुर 44805",9 Bidol,भक्तपुर,44805,+9779841994796,NP,https://deepjyotiwatertank.com,null,null,null,false,false,false,null,,false,false,null,
Tiwari plastic suppliers,"M6PR+GJ6, चन्द्रागिरी 44600",M6PR+GJ6,चन्द्रागिरी,44600,+9779843213619,NP,null,null,null,null,false,false,false,null,,false,false,null,
Gem Plasticrafts Pvt. Ltd.,"44600, ललितपुर",44600,ललितपुर,null,+97715428877,NP,https://gemplastic.com.np,null,null,null,false,false,false,null,,false,false,null,
Digo Living,"Siddharth Gautam Road, Near Saibaba Temple, 44600","Siddharth Gautam Road, Near Saibaba Temple",,44600,+9779851400116,NP,https://digoliving.com,null,null,null,false,false,false,null,,false,false,null,
प्रजापति प्लाष्टिक लिङ्क,"MCCG+6HR, वंसगोपल सडक, भक्तपुर 44800","MCCG+6HR, वंसगोपल सडक",भक्तपुर,44800,+97716613027,NP,null,null,null,null,false,false,false,null,,false,false,null,
जय दुर्गा प्लाष्टिक पसल,"P822+5Q5, टंकेश्वर मार्ग, काठमाडौँ 44600","P822+5Q5, टंकेश्वर मार्ग",काठमाडौँ,44600,+9779841404508,NP,null,null,null,null,false,false,false,null,,false,false,null,
सैंजु प्लाष्टिक सेन्टर,"MC8G+M63, गपली मार्ग, सुर्यविनायक 44800","MC8G+M63, गपली मार्ग",सुर्यविनायक,44800,+9779841402236,NP,null,null,null,null,false,false,false,null,,false,false,null,
ग्लोबल नेपाल प्रिन्टीङ प्रेस सर्भिस प्रा.लि.,"Tanka Prasad Ghumti Sadak, काठमाडौँ 44600",Tanka Prasad Ghumti Sadak,काठमाडौँ,44600,+97714102823,NP,null,null,null,null,false,false,false,null,,false,false,null,
Arjun Plastic Store,"Karuna Path, ललितपुर 44700",Karuna Path,ललितपुर,44700,+9779843416040,NP,null,null,null,null,false,false,false,null,,false,false,null,
मध्यपुर प्लाष्टिक सेन्टर,"M9FP+56V, Biruwa Sadak, मध्यपुर थिमि 44800","M9FP+56V, Biruwa Sadak",मध्यपुर थिमि,44800,+9779841492851,NP,null,null,null,null,false,false,false,null,,false,false,null,
"Windoor Multipurpose Nepal Pvt.Ltd. (UPVC Door,Window Manufacture Factory)","Dhunge Sangu Bus Stop बाट २०० मीटर भित्र महर्जन चोक जाने बाटो मा, 44705",Dhunge Sangu Bus Stop बाट २०० मीटर भित्र महर्जन चोक जाने बाटो मा,,44705,+97715202880,NP,https://windoornepal.com,null,null,null,false,false,false,null,,false,false,null,
"OM Satya Sai Plastic Udyog, Bhaktapur","Factory no 12, Bhaktapur Industrial Area Byasi 2, 44800","Factory no 12, Bhaktapur Industrial Area Byasi 2",,44800,+9779841692620,NP,null,null,null,null,false,false,false,null,,false,false,null,
RKS Plastic & Disposable,Kathmandu 44600,,Kathmandu,44600,+9779864206117,NP,null,null,null,null,false,false,false,null,,false,false,null,
Fashion Paints,"Panchkanya Chowk, काठमाडौँ 44600",Panchkanya Chowk,काठमाडौँ,44600,+97715186075,NP,https://fashionpaints.com.np,customer.care@fashionpaints.com.np,+9771518607515186076,null,false,false,false,null,,false,false,null,
Mahalaxmi Paints Nepal,"त्रिपुरा मार्ग, काठमाडौँ 44600",त्रिपुरा मार्ग,काठमाडौँ,44600,+97714216936,NP,https://mahalaxmipaints.com.np,info@mahalaxmipaints.net.np,+97715357461,null,false,false,false,null,,false,false,null,
Apollo Paints,"Unnamed Road, Kathmandu 44600",Unnamed Road,Kathmandu,44600,+97714015131,NP,https://apollopaintsnepal.com.np,null,null,null,false,false,false,null,,false,false,null,
Jenish Paints,"M8PH+574, Infront Of Krishna Tower, मदन भण्डारी सडक, 44600","M8PH+574, Infront Of Krishna Tower, मदन भण्डारी सडक",,44600,+9779851026431,NP,https://jenishpaints.com,null,null,null,false,false,false,null,,false,false,null,
Rangoli Trade Link,"P9CM+X6H, काठमाडौँ 44600",P9CM+X6H,काठमाडौँ,44600,+9779860453098,NP,null,null,null,null,false,false,false,null,,false,false,null,
KNP Nerolac House | Best Paints in Nepal,"Near Central Park Apartments, Bishal Nagar, काठमाडौँ 44600","Near Central Park Apartments, Bishal Nagar",काठमाडौँ,44600,+9779801574444,NP,https://knpjapan.com,null,null,null,false,false,false,null,,false,false,null,
Berger Paint Pasal in Kathmandu and Duravit Building Solution Pvt. Ltd.,"Panchakanya Marga, काठमाडौँ 44600",Panchakanya Marga,काठमाडौँ,44600,+9779849044786,NP,null,null,null,null,false,false,false,null,,false,false,null,
एशियन पेण्टस नेपाल,"M8CQ+6XH Ward No 8, Asian Paints ( Nepal) Pvt. Ltd, ललितपुर","M8CQ+6XH Ward No 8, Asian Paints ( Nepal) Pvt. Ltd",ललितपुर,null,+97715203045,NP,https://asianpaintsnepal.com,null,null,null,false,false,false,null,,false,false,null,
Imperio Paints Private Limited,काठमाडौँ 44600,,काठमाडौँ,44600,+9779801239400,NP,null,null,null,null,false,false,false,null,,false,false,null,
Jasmine Paints Corporate Office,"P8QG+QM5 Basundhara Chauki, चक्रपथ, काठमाडौँ 44600","P8QG+QM5 Basundhara Chauki, चक्रपथ",काठमाडौँ,44600,+9779801136890,NP,null,null,null,null,false,false,false,null,,false,false,null,
King Paints Nepal Pvt.Ltd.,"Masine Khola, Bohorataar, Lolang Lolang","Masine Khola, Bohorataar",Lolang Lolang,null,+97715169133,NP,null,null,null,null,false,false,false,null,,false,false,null,
D.B Suppliers,"P7CV+R5W, रबि मार्ग, काठमाडौँ 44600","P7CV+R5W, रबि मार्ग",काठमाडौँ,44600,+9779851314784,NP,null,null,null,null,false,false,false,null,,false,false,null,
Shree Annapurna Auto paints And hardware,काठमाडौँ 44600,,काठमाडौँ,44600,+9779801059465,NP,null,null,null,null,false,false,false,null,,false,false,null,
Shah Supplier's & Painting Services,"dhobi Khola side Opposite to the TATa showroom, काठमाडौँ 44602",dhobi Khola side Opposite to the TATa showroom,काठमाडौँ,44602,+9779824212780,NP,null,null,null,null,false,false,false,null,,false,false,null,
New R. K. Enterprises,"Shankhamul Marg, काठमाडौँ 44600",Shankhamul Marg,काठमाडौँ,44600,+9779841525040,NP,null,null,null,null,false,false,false,null,,false,false,null,
Asn House Painting Service,काठमाडौँ 44600,,काठमाडौँ,44600,+9779845915826,NP,null,null,null,null,false,false,false,null,,false,false,null,
homeland paints pvt.ltd,"M7PF+8RX, कीर्तिपुर् मार्ग, कीर्तिपुर 44618","M7PF+8RX, कीर्तिपुर् मार्ग",कीर्तिपुर,44618,+97715188255,NP,https://homelandpaints.com.np,info@homelandpaints.com.np,+97715188255,null,false,false,false,null,,false,false,null,
Meitu Paints,काठमाडौँ 44600,,काठमाडौँ,44600,+97715199724,NP,https://meitupaint.com,null,null,null,false,false,false,null,,false,false,null,
नेपाल काठ कार्यहरू प्रा। लिमिटेड,"44600, काठमाडौँ",44600,काठमाडौँ,null,+9779851050723,NP,null,null,null,null,false,false,false,null,,false,false,null,
Sheetal Color Centre,काठमाडौँ 44600,,काठमाडौँ,44600,+9779801121418,NP,https://sheetalcolor.com.np,info@sheetalcolor.com.np,+9779801121418,null,false,false,false,null,,false,false,null,
विश्व शान्ति उद्यम प्राइवेट लिमिटेड,"चक्रपथ, काठमाडौँ 44600",चक्रपथ,काठमाडौँ,44600,+97715906515,NP,null,null,null,null,false,false,false,null,,false,false,null,
Ascension business concern,"अरनिको राजमार्ग, मध्यपुर थिमि 44800",अरनिको राजमार्ग,मध्यपुर थिमि,44800,+9779840716078,NP,https://texturepaintsnepal.com,null,null,null,false,false,false,null,,false,false,null,
Mahalaxmi Paints,"MCGJ+FM2 Mahakali, भक्तपुर 44800",MCGJ+FM2 Mahakali,भक्तपुर,44800,+97716611015,NP,null,null,null,null,false,false,false,null,,false,false,null,
Apurva International Pvt. Ltd.,काठमाडौँ 44600,,काठमाडौँ,44600,+9779802538913,NP,https://apurvagroup.com.np,null,null,null,false,false,false,null,,false,false,null,
Diubya Colours,"M9Q6+6R8 Kathmandu 44600, Nepal, Pepsicola-32, काठमाडौँ 44600","M9Q6+6R8 Kathmandu 44600, Nepal, Pepsicola-32",काठमाडौँ,44600,+9779857033334,NP,null,null,null,null,false,false,false,null,,false,false,null,
Jiyo paints,भक्तपुर 44800,,भक्तपुर,44800,+9779801050518,NP,https://jiyopaints.com,null,null,null,false,false,false,null,,false,false,null,
Aayam Trade and Suppliers pvt.ltd,"अरनिको राजमार्ग, मध्यपुर थिमि 44600",अरनिको राजमार्ग,मध्यपुर थिमि,44600,+9779851155628,NP,null,null,null,null,false,false,false,null,,false,false,null,
Imperio global Pvt ltd,"14, काठमाडौँ",14,काठमाडौँ,null,+9779801239422,NP,null,null,null,null,false,false,false,null,,false,false,null,
Butwal Cement,"P84C+Q2C, कमलादी मार्ग, काठमाडौँ 44600","P84C+Q2C, कमलादी मार्ग",काठमाडौँ,44600,+97714266140,NP,null,null,null,null,false,false,false,null,,false,false,null,
Brij Cement Industries Pvt. Ltd.,"House No. 301, 1 Ward, काठमाडौँ 44600","House No. 301, 1 Ward",काठमाडौँ,44600,+97715970708,NP,https://brijcement.com,null,null,null,false,false,false,null,,false,false,null,
Bishal Cement Industries Pvt. Ltd.,"P84X+626, Gaushala Chowk Rd, काठमाडौँ 44600","P84X+626, Gaushala Chowk Rd",काठमाडौँ,44600,+97714113669,NP,https://bishalcement.com,info@bishalcement.com,+97714113669,null,false,false,false,null,,false,false,null,
Garima Cement Company,"14 कलंकी, काठमाडौँ 44600",14 कलंकी,काठमाडौँ,44600,+97714031674,NP,null,null,null,null,false,false,false,null,,false,false,null,
Hongshi Shivam Cement P Limited,काठमाडौँ 44600,,काठमाडौँ,44600,+97714415611,NP,null,null,null,null,false,false,false,null,,false,false,null,
Ghorahi Cement Industry Pvt. Ltd.,"Trade Tower, 6th Floor, काठमाडौँ 44600","Trade Tower, 6th Floor",काठमाडौँ,44600,+97715111147,NP,https://ghorahicement.com.np,devraj.baniya@ghorahicement.com,+9779801002931,null,false,false,false,null,,false,false,null,
मारुति सीमेंट्स लिमिटेड,"Central Business Park, काठमाडौँ 44600",Central Business Park,काठमाडौँ,44600,+97714257566,NP,null,null,null,null,false,false,false,null,,false,false,null,
New Balaju Enterprises,"बालाजु चक्रपथ ट्राक बायाँ, काठमाडौँ 44611",बालाजु चक्रपथ ट्राक बायाँ,काठमाडौँ,44611,+9779851046220,NP,https://newbalajuenterprises.com,null,null,null,false,false,false,null,,false,false,null,
RMC Cement Company,"Bagmati Chamber 2nd Floor, टेकु रोड, काठमाडौँ 44600","Bagmati Chamber 2nd Floor, टेकु रोड",काठमाडौँ,44600,+97714215832,NP,https://rmccement.com,null,+97714101685,null,false,false,false,null,,false,false,null,
Nepal Wall Plast Industries Pvt. Ltd.,काठमाडौँ 44600,,काठमाडौँ,44600,+97714439074,NP,https://nepalwallplast.com.np,info@nepalfireandenergy.com.np,+9779808424034,null,false,false,false,null,,false,false,null,
AAC Itta Udhyog Pvt. Ltd.,"7th Floor, Alliance Tower, 30 Charkhal Rd, काठमाडौँ 44605","7th Floor, Alliance Tower, 30 Charkhal Rd",काठमाडौँ,44605,+9779801901090,NP,https://aacitta.com,business@aacitta.com,+9779863903633,null,false,false,false,null,,false,false,null,
Mangala Cement Nepal,"Neupane Tower, काठमाडौँ 44600",Neupane Tower,काठमाडौँ,44600,+97714117560,NP,null,null,null,null,false,false,false,null,,false,false,null,
बोटलर्स नेपाल लिमिटेड,"लेखनाथ मार्ग, काठमाडौँ 44600",लेखनाथ मार्ग,काठमाडौँ,44600,+97714350602,NP,https://bnl.com.np,letstalk@coca-cola.com.np,+97714952986,null,false,false,false,null,,false,false,null,
लक्ष्मी सिमेन्ट उद्योग प्रा लि,"P85P+J3M, शाहीद मार्ग, काठमाडौँ 44600","P85P+J3M, शाहीद मार्ग",काठमाडौँ,44600,+97714417341,NP,null,null,null,null,false,false,false,null,,false,false,null,
Arghakhanchi Cement Limited,"Aadarsh Marg, काठमाडौँ 44600",Aadarsh Marg,काठमाडौँ,44600,+97715357670,NP,https://aclnepal.com,customercare@acplnepal.com,+97714102188,null,false,false,false,null,,false,false,null,
Shubhashree Agni Cement Udhyog Limited (Pyuthan Cement) Nepal,काठमाडौँ 44600,,काठमाडौँ,44600,+97715670558,NP,https://shubhashreeagnicement.com,pyuthancement@ssacudhyog.com.np,+97715670558,null,false,false,false,null,,false,false,null,
रोल्पा सिमेन्ट प्रा। लिमिटेड,"P8JV+XP4, रिङ्ग रोड, काठमाडौँ 44600","P8JV+XP4, रिङ्ग रोड",काठमाडौँ,44600,+9779855025364,NP,null,null,null,null,false,false,false,null,,false,false,null,
UNITED CEMENTS LTD.,"P5GF+VR3, नौबिसे - केवलपुर रोड, जीवनपुर 45100","P5GF+VR3, नौबिसे - केवलपुर रोड",जीवनपुर,45100,+97714437991,NP,https://unitedcements.com,null,+13038930552,null,false,false,false,null,,false,false,null,
ओम सिमेन्ट पी लिमिटेड,"P846+639, वटु मार्ग, काठमाडौँ 44600","P846+639, वटु मार्ग",काठमाडौँ,44600,+97714240196,NP,null,null,null,null,false,false,false,null,,false,false,null,
Palpa Cement Industries Limited,"5th Floor, Central Business Park, काठमाडौँ 44600","5th Floor, Central Business Park",काठमाडौँ,44600,+97714101685,NP,null,null,null,null,false,false,false,null,,false,false,null,
इमानुएल सिमेन्ट सप्लायर्स,"लखतिर्थ, विष्णुमती ट्रयाक सडक, 44600","लखतिर्थ, विष्णुमती ट्रयाक सडक",,44600,+9779860329466,NP,null,null,null,null,false,false,false,null,,false,false,null,
Krishna Enterprises,"M9PQ+64R, मध्यपुर थिमि 44600",M9PQ+64R,मध्यपुर थिमि,44600,+9779851047388,NP,null,null,null,null,false,false,false,null,,false,false,null,
jmt group pvt.Ltd.,"P88F+VHW, काठमाडौँ 44600",P88F+VHW,काठमाडौँ,44600,+9779860237744,NP,null,null,null,null,false,false,false,null,,false,false,null,
Newa Beverage Pvt. Ltd,काठमाडौँ 44600,,काठमाडौँ,44600,+9779851132383,NP,https://newabeverage.com,null,null,null,false,false,false,null,,false,false,null,
Royal Kathmandu Himalaya Beverage,"Sisakoti minimart, Back to Eye hospital lokanthali Near, 44600","Sisakoti minimart, Back to Eye hospital lokanthali Near",,44600,+97716630412,NP,null,null,null,null,false,false,false,null,,false,false,null,
Nepal Liquors Pvt Ltd,"Mercantile, First floor, काठमाडौँ 46400","Mercantile, First floor",काठमाडौँ,46400,+97714427423,NP,https://nepalliquors.com,null,null,null,false,false,false,null,,false,false,null,
Amrit Distillery Pvt.Ltd,Imadol Krishna Mandir Rd,Imadol Krishna Mandir Rd,,null,+97715204355,NP,https://amritdistillery.com,support@amritdistillery.com,null,null,false,false,false,null,,false,false,null,
LIQUOR WORLD,"उत्तर ढोका सडक, काठमाडौँ 44600",उत्तर ढोका सडक,काठमाडौँ,44600,+9779866296367,NP,https://liquorworld.com.np,liquorworldnpl@gmail.com,+9779866296367,null,false,false,false,null,,false,false,null,
Darumandu Nepal Pvt Ltd,"Nursery Chowk, Dhungadhara 44600",Nursery Chowk,Dhungadhara,44600,+9779768728150,NP,https://darumandu.com,darumandunepal@gmail.com,+9779768728150,null,false,false,false,null,,false,false,null,
Mt.Everest Brewery,"P82C+QGC, प्रदर्शनी मार्ग, काठमाडौँ 44600","P82C+QGC, प्रदर्शनी मार्ग",काठमाडौँ,44600,+97714227098,NP,null,null,null,null,false,false,false,null,,false,false,null,
UNIVERSAL BEVERAGES PVT. LTD.,"M7WP+5W6, काठमाडौँ 44600",M7WP+5W6,काठमाडौँ,44600,+9779801244078,NP,null,null,null,null,false,false,false,null,,false,false,null,
A To Z Cosmetics,"चन्‍दर्‍ बिनायक मार्ग, काठमाडौँ 44602",चन्‍दर्‍ बिनायक मार्ग,काठमाडौँ,44602,+97714578623,NP,null,null,null,null,false,false,false,null,,false,false,null,
LA Cosmetics Nepal,"Near Chiya Adda, Naya Marga Galli Naya Marga, काठमाडौँ 44600","Near Chiya Adda, Naya Marga Galli Naya Marga",काठमाडौँ,44600,+9779846615212,NP,https://lacosmeticsnepal.com,lacosmeticsnepal@gmail.com,+9779846615212,+9779846615212,false,false,false,null,,false,false,null,
Cosmetic wholesale,"Narsingh Chok, काठमाडौँ 44600",Narsingh Chok,काठमाडौँ,44600,+9779841282439,NP,null,null,null,null,false,false,false,null,,false,false,null,
"Dream Skin Lazimpat | Korean Skin Care, K Beauty Makeup, Hair Care & Cosmetics","Trisara, Kendra Bhawan, काठमाडौँ 44600","Trisara, Kendra Bhawan",काठमाडौँ,44600,+9779706460228,NP,https://dreamskinnepal.com,dreamskinnepal@gmail.com,+9779862078653,+9779706460228,false,false,false,null,,false,false,null,
Pastel Beauty,काठमाडौँ 44600,,काठमाडौँ,44600,+9779813899764,NP,https://pastel-beauty.com,info@pastel-beauty.com,+9779813535744,null,false,false,false,null,,false,false,null,
Mahalaxmi Exim,ललितपुर 44600,,ललितपुर,44600,+9779803675307,NP,null,null,null,null,false,false,false,null,,false,false,null,
MakeupMirageNepal,"House 136, Chandrawati Galli, Shrijanshil Marg Basundhara, Kathmandu 44600, काठमाडौँ 44600","House 136, Chandrawati Galli, Shrijanshil Marg Basundhara, Kathmandu 44600",काठमाडौँ,44600,+9779863202412,NP,https://makeupmiragenepal.com,null,null,null,false,false,false,null,,false,false,null,
ForMe Pro Store - Best Cosmetics Store in Kathmandu Nepal,"Shri Raj Bhawan, Madan Bhandari Road, काठमाडौँ 44600","Shri Raj Bhawan, Madan Bhandari Road",काठमाडौँ,44600,+9779802351555,NP,https://formeprostore.com,null,null,null,false,false,false,null,,false,false,null,
Oriflame Nepal,"5th floor,Miracle Complex, New Baneshwor-10, काठमाडौँ 44600","5th floor, Miracle Complex, New Baneshwor-10",काठमाडौँ,44600,+9779801973123,NP,https://oriflamenepal.com,info@oriflamenepal.com,+9779801110008,+9779801110008,false,false,false,null,,false,false,null,
Syada Nepal,"नयाँ सडक, काठमाडौँ 44600",नयाँ सडक,काठमाडौँ,44600,+9779864461234,NP,null,null,null,null,false,false,false,null,,false,false,null,
परिचित मार्ट,"P835+689, काठमाडौँ 44600",P835+689,काठमाडौँ,44600,+97714813313,NP,https://familiarmart.com,null,null,null,false,false,false,null,,false,false,null,
The Natural Cosmetics,"Durbarmarg Annapurna Arcade, काठमाडौँ 44600",Durbarmarg Annapurna Arcade,काठमाडौँ,44600,+9779851342222,NP,null,null,null,null,false,false,false,null,,false,false,null,
Beauty Hub,"तीनधारा सडक, काठमाडौँ 44600",तीनधारा सडक,काठमाडौँ,44600,+97714520305,NP,https://beautyhubnepal.com,info@beautyhubnepal.com,+97714520305,null,false,false,false,null,,false,false,null,
Beauty Nepal Pvt. Ltd,"Rani Devi Marg, काठमाडौँ 44600",Rani Devi Marg,काठमाडौँ,44600,+9779768532520,NP,https://beautynpl.com,null,null,null,false,false,false,null,,false,false,null,
Herveda Botanicals,"M8H6+F58, ललितपुर 44600",M8H6+F58,ललितपुर,44600,+9779818398262,NP,https://hervedabotanicals.com,orders@hervedabotanicals.com,+9779818398262,null,false,false,false,null,,false,false,null,
Color Cosmetics Pvt.Ltd,"M8PW+246 Tinkune, Kathmandu., काठमाडौँ 44600","M8PW+246 Tinkune, Kathmandu.",काठमाडौँ,44600,+9779861533569,NP,null,null,null,null,false,false,false,null,,false,false,null,
Lucky Cosmetics Hub,"Anantalingeshwar, Bhaktapur District, Bagmati Province, Nepal Anantalingeshwar, भक्तपुर 44709","Anantalingeshwar, Bhaktapur District, Bagmati Province, Nepal Anantalingeshwar",भक्तपुर,44709,+9779813205775,NP,https://localo.site,null,null,null,false,false,false,null,,false,false,null,
मेकअप कारखाना,"Shop No. 19, Ground Floor, Labim Mall, ललितपुर 44600","Shop No. 19, Ground Floor, Labim Mall",ललितपुर,44600,+9779851021417,NP,null,null,null,null,false,false,false,null,,false,false,null,
Shreekhanda Company,"M8GR+WPF, शुभकामना मार्ग, काठमाडौँ 44600","M8GR+WPF, शुभकामना मार्ग",काठमाडौँ,44600,+97714600717,NP,null,null,null,null,false,false,false,null,,false,false,null,
MM Cosmetics,"मखं महादेव गल्ली, काठमाडौँ 44600",मखं महादेव गल्ली,काठमाडौँ,44600,+9779843936569,NP,null,null,null,null,false,false,false,null,,false,false,null,
अब्सेसन कस्मेटिक्स,"Shop 307 नयाँ सडक, काठमाडौँ 44600",Shop 307 नयाँ सडक,काठमाडौँ,44600,+9779813319958,NP,https://obsessioncosmetics.com,obsessioncosmetics@gmail.com,+9779813319958,null,false,false,false,null,,false,false,null,
रंग प्लस प्रसाधन,"Shop No. 112, Ground Floor, People's Plaza, नयाँ सडक, काठमाडौँ 44600","Shop No. 112, Ground Floor, People's Plaza, नयाँ सडक",काठमाडौँ,44600,+97714157512,NP,https://colorpluscosmetics.com,info@colorpluscosmetics.com,+9779801906567,+9779813673836,false,false,false,null,,false,false,null,
Soraya's Beauty Nepal,काठमाडौँ 44600,,काठमाडौँ,44600,+9779803218826,NP,https://sorayasbeauty.com,info@sorayasbeauty.com,null,+9779803218826,false,false,false,null,,false,false,null,
Hamro Shringar,"Tara Marg, काठमाडौँ 44600",Tara Marg,काठमाडौँ,44600,+9779802075050,NP,https://hamroshringar.com,null,+9779802075050,null,false,false,false,null,,false,false,null,
"Jeevee - Beauty, Baby, Gadgets, Appliances & more (Office)","922 Narayan Gopal Sadak, काठमाडौँ 44600",922 Narayan Gopal Sadak,काठमाडौँ,44600,+97715970680,NP,https://app.jeevee.com,null,null,null,false,false,false,null,,false,false,null,
नयाँ प्रकाश स्टोर,"खेचापुखु सडक, काठमाडौँ 44600",खेचापुखु सडक,काठमाडौँ,44600,+97715320979,NP,null,null,null,null,false,false,false,null,,false,false,null,
Beauty Care Nepal,काठमाडौँ 44600,,काठमाडौँ,44600,+9779801985010,NP,null,null,null,null,false,false,false,null,,false,false,null,
Jina Cosmetic,"P862+WGV, तल्लो बिजेश्वरी मार्ग, काठमाडौँ 44600","P862+WGV, तल्लो बिजेश्वरी मार्ग",काठमाडौँ,44600,+9779846368459,NP,null,null,null,null,false,false,false,null,,false,false,null,
Bonjour Nepal,"Times Square Mall, दरवार मार्ग, काठमाडौँ 44600","Times Square Mall, दरवार मार्ग",काठमाडौँ,44600,+9779821573070,NP,https://bonjournp.com,info@bonjournp.com,+9779845178341,null,false,false,false,null,,false,false,null,
Lyon Beauty Nepal,काठमाडौँ 44660,,काठमाडौँ,44660,+9779801017001,NP,https://lyonbeautyusa.com,null,null,null,false,false,false,null,,false,false,null,
Makeup Durbar,"Jhamsikhel Road, ललितपुर 44600",Jhamsikhel Road,ललितपुर,44600,+9779851048658,NP,null,null,null,null,false,false,false,null,,false,false,null,
Misumi Cosmetics Nepal,"M8G8+XQ7, Pulchowk Rd, ललितपुर 44600","M8G8+XQ7, Pulchowk Rd",ललितपुर,44600,+97715555375,NP,https://misumicosmetics.com,null,null,null,false,false,false,null,,false,false,null,
SKINOLOGY,काठमाडौँ 44600,,काठमाडौँ,44600,+9779749929973,NP,null,null,null,null,false,false,false,null,,false,false,null,
Print Plus Pvt. Ltd.,"Budhanilkantha Sadak, काठमाडौँ 44600",Budhanilkantha Sadak,काठमाडौँ,44600,+97714370650,NP,https://printplusnepal.com.np,printplus01@gmail.com,+97714370650,+9779804566480,false,false,false,null,,false,false,null,
𝐀𝐫𝐚𝐦𝐛𝐡𝐚 𝐏𝐫𝐢𝐧𝐭𝐞𝐫𝐬,"देवकोटा सडक, काठमाडौँ 44600",देवकोटा सडक,काठमाडौँ,44600,+9779811566677,NP,https://arambhaprinters.com.np,null,null,null,false,false,false,null,,false,false,null,
Ajima Print,काठमाडौँ 44700,,काठमाडौँ,44700,+9779801987142,NP,https://ajimaprint.com,mail@ajimaprint.com,+9779801987141,null,false,false,false,null,,false,false,null,
"Xpert Copiers- The best printing shop in Kathmandu, Nepal","रामशाह पथ, काठमाडौँ 44600",रामशाह पथ,काठमाडौँ,44600,+97715316098,NP,https://xpertcopiers.com,null,null,null,false,false,false,null,,false,false,null,
बारा अफसेट प्रेस,"P8RM+W8P, चक्रपथ, काठमाडौँ 44600","P8RM+W8P, चक्रपथ",काठमाडौँ,44600,+97714385825,NP,null,null,null,null,false,false,false,null,,false,false,null,
PrintShop Nepal,"नयाँ सडक, काठमाडौँ 44600",नयाँ सडक,काठमाडौँ,44600,+97715713306,NP,https://printshopnepal.com,null,null,null,false,false,false,null,,false,false,null,
Manaslu Books and Stationery,"Bu. Na. Pa. - 10, chowk Bhandarigarment, काठमाडौँ 44600","Bu. Na. Pa. - 10, chowk Bhandarigarment",काठमाडौँ,44600,+9779808664422,NP,https://manaslustationery.com.np,mbskapan@gmail.com,+9779808664422,+9779808664422,false,false,false,null,,false,false,null,
सिन्सियर प्रिन्ट्रिङ प्रेस,"काठमाडौं–२६, रानीदेवी मार्ग, काठमाडौँ 44600","काठमाडौं–२६, रानीदेवी मार्ग",काठमाडौँ,44600,+97714960395,NP,https://sincereprintingpress.com.np,null,null,null,false,false,false,null,,false,false,null,
PrintView (Design & Print),काठमाडौँ 44600,,काठमाडौँ,44600,+97714167559,NP,null,null,null,null,false,false,false,null,,false,false,null,
Flex Bazar Printing Press,काठमाडौँ 44600,,काठमाडौँ,44600,+9779815617236,NP,https://sites.google.com,null,null,null,false,false,false,null,,false,false,null,
Muktinath Traders Newsmandu Pvt Ltd Paper shop paper importer paper traders paper merchant printing paper,"29 Tanka Prasad Ghumti Sadak, काठमाडौँ 44600",29 Tanka Prasad Ghumti Sadak,काठमाडौँ,44600,+9779851023378,NP,https://muktinathtraders.com,muktinathtradepoint@gmail.com,+9779851023378,null,false,false,false,null,,false,false,null,
Pixel Lab Nepal,काठमाडौँ 44600,,काठमाडौँ,44600,+9779841290769,NP,null,null,null,null,false,false,false,null,,false,false,null,
Personalized Cups (Cup/Mug Print Nepal),टोखा 44600,,टोखा,44600,+9779841263491,NP,null,null,null,null,false,false,false,null,,false,false,null,
श्रेष्ठ डिजिटल छापा,"P86F+RRW, हात्तिसार सडक, काठमाडौँ 44600","P86F+RRW, हात्तिसार सडक",काठमाडौँ,44600,+97714542548,NP,null,null,null,null,false,false,false,null,,false,false,null,
S.R. Printing House,काठमाडौँ 44600,,काठमाडौँ,44600,+9779813793504,NP,null,null,null,null,false,false,false,null,,false,false,null,
Trinetra Digital Flex Print,"Balaju chowk, काठमाडौँ 44600",Balaju chowk,काठमाडौँ,44600,+97714985087,NP,null,null,null,null,false,false,false,null,,false,false,null,
Print Bazar,काठमाडौँ 44600,,काठमाडौँ,44600,+97714167616,NP,https://printbazar.com.np,null,null,null,false,false,false,null,,false,false,null,
Digi Flex Pvt. Ltd.,"बौद्धनाथ मार्ग, काठमाडौँ 44600",बौद्धनाथ मार्ग,काठमाडौँ,44600,+97714468397,NP,null,null,null,null,false,false,false,null,,false,false,null,
श्रेष्ठ फोटोकपी,"पुतली सडक, काठमाडौँ 44600",पुतली सडक,काठमाडौँ,44600,+97714512946,NP,https://shresthaphotocopy.com.np,null,null,null,false,false,false,null,,false,false,null,
A One Photocopy & Print Service,"रामशाह पथ, काठमाडौँ 44600",रामशाह पथ,काठमाडौँ,44600,+97715369902,NP,null,null,null,null,false,false,false,null,,false,false,null,
PRISM COLOR SCANNING & PRESS SUPPORT PRIVATE LIMITED,"Opposite of Neco Insurance, विश्वविद्यालय पथ, काठमाडौँ 44600","Opposite of Neco Insurance, विश्वविद्यालय पथ",काठमाडौँ,44600,+9779851057496,NP,null,null,null,null,false,false,false,null,,false,false,null,
Print Station | Print Shop in Kirtipur,"Opposite to Krishna Catering, Kirtipur Panga Dobato, Kathmandu 44618","Opposite to Krishna Catering, Kirtipur Panga Dobato",Kathmandu,44618,+9779841760604,NP,https://printstation.com.np,printstation33@gmail.com,+9779841760604,null,false,false,false,null,,false,false,null,
Kathmandu Print Shop,काठमाडौँ 44600,,काठमाडौँ,44600,+9779813365345,NP,https://kathmanduprintshop.com,hello@kathmanduprintshop.com,+9779813365345,+9779813365345,false,false,false,null,,false,false,null,
हिमालय डिजाइन र मुद्रण प्रेस प्रा। लिमिटेड,"बौद्ध - जोरपाटी सडक, काठमाडौँ 44600",बौद्ध - जोरपाटी सडक,काठमाडौँ,44600,+97714561554,NP,https://himalayanprint.com,hdnpress@gmail.com,+97714561554,+9779849651669,false,false,false,null,,false,false,null,
विवाह काठमाडौं,"6 Dhapasi Marg, काठमाडौँ 44600",6 Dhapasi Marg,काठमाडौँ,44600,+9779851241773,NP,https://weddingkathmandu.com,weddingkathmandu@gmail.com,+9779851241773,+9779851241773,false,false,false,null,,false,false,null,
Active Printing Press,"26 Galkopakha Marg, काठमाडौँ 44600",26 Galkopakha Marg,काठमाडौँ,44600,+97714022672,NP,null,null,null,null,false,false,false,null,,false,false,null,
Print Sewa,"Gaththaghar Marg, मध्यपुर थिमि 44600",Gaththaghar Marg,मध्यपुर थिमि,44600,+9779851095776,NP,null,null,null,null,false,false,false,null,,false,false,null,
आर्या डिजाईन एण्ड प्रिन्टर्स,"बाग बजार सडक, काठमाडौँ 44600",बाग बजार सडक,काठमाडौँ,44600,+9779803725686,NP,null,null,null,null,false,false,false,null,,false,false,null,
रचनात्मक समाधान र प्रकाशन प्रा। लिमिटेड,"Balbhadra Marga, काठमाडौँ 44600",Balbhadra Marga,काठमाडौँ,44600,+9779851175525,NP,null,null,null,null,false,false,false,null,,false,false,null,
MANI,"पुतली सडक, काठमाडौँ 44600",पुतली सडक,काठमाडौँ,44600,+97714430472,NP,https://manicopiers.com,copiersmani@gmail.com,+97714530472,null,false,false,false,null,,false,false,null,
My Computer Shop (Naksha Printing & Photocopy Shop) Color & B/W,"P897+575, Near Navodit College, Dyabu Marga, काठमाडौँ 44600","P897+575, Near Navodit College, Dyabu Marga",काठमाडौँ,44600,+9779841407705,NP,https://mycomputershop.com.np,mcshopnepal@gmail.com,+9779841407705,null,false,false,false,null,,false,false,null,
Dg Click,"बौद्धनाथ मार्ग, काठमाडौँ 44600",बौद्धनाथ मार्ग,काठमाडौँ,44600,+97714560151,NP,null,null,null,null,false,false,false,null,,false,false,null,
Tshirt Printing Nepal,"Unnamed Road, बुढानीलकण्ठ 44600",Unnamed Road,बुढानीलकण्ठ,44600,+9779841257551,NP,null,null,null,null,false,false,false,null,,false,false,null,
Om Printers,काठमाडौँ 44600,,काठमाडौँ,44600,+97714167617,NP,https://omdigitalpress.com,info@omdigitalpress.com,+97714167617,null,false,false,false,null,,false,false,null,
सुगम मुद्रण प्रेस,"3 टोखा सडक, काठमाडौँ 44600",3 टोखा सडक,काठमाडौँ,44600,+9779849080134,NP,https://tokhasugam.com.np,null,null,null,false,false,false,null,,false,false,null,
Nepal Print,"दरवार मार्ग, काठमाडौँ 44600",दरवार मार्ग,काठमाडौँ,44600,+9779851044798,NP,null,null,null,null,false,false,false,null,,false,false,null,
Baneshwor Digital Press,"Mid, काठमाडौँ 44600",Mid,काठमाडौँ,44600,+97714572292,NP,null,null,null,null,false,false,false,null,,false,false,null,
Quality Printout,"P83F+R2R, Ramshah Path, काठमाडौँ 44600","P83F+R2R, Ramshah Path",काठमाडौँ,44600,+97715347730,NP,null,null,null,null,false,false,false,null,,false,false,null,
National Design House,"Bagbazar-28, काठमाडौँ 44600",Bagbazar-28,काठमाडौँ,44600,+9779851341861,NP,null,null,null,null,false,false,false,null,,false,false,null,
Soch Printing Press - Best Print Shop,ललितपुर 44700,,ललितपुर,44700,+9779801246363,NP,https://sochprinting.com.np,null,null,null,false,false,false,null,,false,false,null,
नेपाल कलम छापा,"Gangahiti Marg, काठमाडौँ 44600",Gangahiti Marg,काठमाडौँ,44600,+9779801315992,NP,https://promotionalgiftnepal.com,null,null,null,false,false,false,null,,false,false,null,
House Of Printing,"Sanu Gaucharan, काठमाडौँ 44600",Sanu Gaucharan,काठमाडौँ,44600,+9779700026555,NP,https://houseofprinting.com.np,info@houseofprinting.com.np,+9779802359021,+9779802359021,false,false,false,null,,false,false,null,
Printing Station,"टोखा सडक, काठमाडौँ 44600",टोखा सडक,काठमाडौँ,44600,+9779805011442,NP,null,null,null,null,false,false,false,null,,false,false,null,
"Sachita Photocopy, A0 Carpet Photocopy & Print","बौद्धनाथ सडक, काठमाडौँ 44600",बौद्धनाथ सडक,काठमाडौँ,44600,+9779818675000,NP,null,null,null,null,false,false,false,null,,false,false,null,
P.U. Printers Nepal,"7 Gaurighat Marg, काठमाडौँ 44600",7 Gaurighat Marg,काठमाडौँ,44600,+9779851215807,NP,null,null,null,null,false,false,false,null,,false,false,null,
Print Shop,Bhaktapur 44600,,Bhaktapur,44600,+9779818853706,NP,null,null,null,null,false,false,false,null,,false,false,null,
Digital Print and Signage Nepal Pvt. Ltd.,"M8MQ+HJX, काठमाडौँ 44600",M8MQ+HJX,काठमाडौँ,44600,+9779851215210,NP,null,null,null,null,false,false,false,null,,false,false,null,
e.Press Pvt. Ltd.,काठमाडौँ 44600,,काठमाडौँ,44600,+97714117800,NP,https://epress.com.np,epress07@gmail.com,+9779851086094,null,false,false,false,null,,false,false,null,
Oxford Print Solutions,काठमाडौँ 44600,,काठमाडौँ,44600,+97715363242,NP,https://oxfordprint.com.np,webmaster@oxfordprint.com.np,null,null,false,false,false,null,,false,false,null,
PrintSewa,"Bhatkekopul-Kalopul Rd, काठमाडौँ 44600",Bhatkekopul-Kalopul Rd,काठमाडौँ,44600,+9779851023266,NP,null,null,null,null,false,false,false,null,,false,false,null,
Aasba Design,काठमाडौँ 33700,,काठमाडौँ,33700,+97714795489,NP,https://aasbadesign.com.np,aasbadesign@gmail.com,+97714795489,+9779851255612,false,false,false,null,,false,false,null,
अर्जुन आर्ट एण्ड स्क्रीन प्रिन्ट,"P836+2W5, नाछेन गल्ली, काठमाडौँ 44600","P836+2W5, नाछेन गल्ली",काठमाडौँ,44600,+9779841414195,NP,null,null,null,null,false,false,false,null,,false,false,null,
BM Prints,काठमाडौँ 44600,,काठमाडौँ,44600,+97714582438,NP,null,null,null,null,false,false,false,null,,false,false,null,
फ्लेक्स प्रिन्ट,"M8HP+RQM, Janata Sadak, काठमाडौँ 44600","M8HP+RQM, Janata Sadak",काठमाडौँ,44600,+9779851060665,NP,null,null,null,null,false,false,false,null,,false,false,null,
Sitapaila Photo Studio & Colour Lab Print & Flex Canvas Stiker Print & Digital Print Hub Sitapaila Kathmandu,"Chok, काठमाडौँ 44600",Chok,काठमाडौँ,44600,+97715370016,NP,https://sites.google.com,null,null,null,false,false,false,null,,false,false,null,
Shubharambha Printing Press,काठमाडौँ 44600,,काठमाडौँ,44600,+97714959723,NP,https://shubharambhapress.com,info@shubharambhapress.com,+97714959723,null,false,false,false,null,,false,false,null,
KASA print Photocopy (कासा प्रिन्ट फोटोकपी) 44600,"M8PP+W5W, Shankhamul Marga, काठमाडौँ 44600","M8PP+W5W, Shankhamul Marga",काठमाडौँ,44600,+9779851150433,NP,null,null,null,null,false,false,false,null,,false,false,null,
Cup Print Nepal Kathmandu,"चक्रपथ, काठमाडौँ 44600",चक्रपथ,काठमाडौँ,44600,+9779810286377,NP,null,null,null,null,false,false,false,null,,false,false,null,
Majhuwa Printing Press,"Durga Marg, काठमाडौँ 44600",Durga Marg,काठमाडौँ,44600,+9779851060922,NP,null,null,null,null,false,false,false,null,,false,false,null,
दृष्टि निर्माण ग्राफिक डिजाइन र मुद्रण,"Yeti Plaza, Opposite To P.K. Campus, बाग बजार सडक, काठमाडौँ 44600","Yeti Plaza, Opposite To P.K. Campus, बाग बजार सडक",काठमाडौँ,44600,+97715319395,NP,null,null,null,null,false,false,false,null,,false,false,null,
Digital Print Nepal,"Central Department of Management, Opposite to, कीर्तिपुर 44618","Central Department of Management, Opposite to",कीर्तिपुर,44618,+9779851000755,NP,null,null,null,null,false,false,false,null,,false,false,null,
"Sathghumti Printing Press, Bagbazar","Dharma Chakra Galli, काठमाडौँ 44600",Dharma Chakra Galli,काठमाडौँ,44600,+9779841877618,NP,https://satghumti-printing-press.vercel.app,asubedi778@gmail.com,+9779841877618,null,false,false,false,null,,false,false,null,
The Print Shop,"कुलेश्वोर रोड, काठमाडौँ 44600",कुलेश्वोर रोड,काठमाडौँ,44600,+9779841114890,NP,https://theprintshop.com.np,theprintshopnepal@gmail.com,+9779744239000,+9779841114890,false,false,false,null,,false,false,null,
नेपाल प्रिन्टिङ्ग सपोर्ट,"M8WH+H7V, टंक प्रसाद घुम्ती सडक, काठमाडौँ 44600","M8WH+H7V, टंक प्रसाद घुम्ती सडक",काठमाडौँ,44600,+9779851023403,NP,null,null,null,null,false,false,false,null,,false,false,null,
Photo Print Nepal,"Madan Bhandari Road, काठमाडौँ 44600",Madan Bhandari Road,काठमाडौँ,44600,+97715900958,NP,null,null,null,null,false,false,false,null,,false,false,null,
Sasto Print Nepal,"Anamnagar -29, काठमाडौँ",Anamnagar -29,काठमाडौँ,null,+9779801188910,NP,https://sastoprint.com,sastoprint@gmail.com,null,null,false,false,false,null,,false,false,null,
Siddhibar Printing Press,"लिंक मार्ग, काठमाडौँ 44600",लिंक मार्ग,काठमाडौँ,44600,+9779802303510,NP,null,null,null,null,false,false,false,null,,false,false,null,
Prithivi Printing Press Pvt.Ltd,"NAREPHANT, कोटेश्वर Ward no.-35, काठमाडौँ 44600","NAREPHANT, कोटेश्वर Ward no.-35",काठमाडौँ,44600,+97715149871,NP,https://prithiviprintingpress.com.np,null,null,null,false,false,false,null,,false,false,null,
3d printer nepal,"Kalopul-Ratopul Rd, काठमाडौँ 44600",Kalopul-Ratopul Rd,काठमाडौँ,44600,+9779843294195,NP,null,null,null,null,false,false,false,null,,false,false,null,
Arpan Trading Pvt. Ltd. - Xerox,"Road, काठमाडौँ 44600",Road,काठमाडौँ,44600,+97715345150,NP,null,null,null,null,false,false,false,null,,false,false,null,
बेस्ट आर्ट टेक्नोलोजी,काठमाडौँ 44600,,काठमाडौँ,44600,+9779803337100,NP,https://bat.com.np,bestarttechnology@gmail.com,+97714987265,+9779803337100,false,false,false,null,,false,false,null,
Cap Print Nepal (Manufacturer),"अद्वैत मार्ग, काठमाडौँ 44600",अद्वैत मार्ग,काठमाडौँ,44600,+9779823627600,NP,https://capprintnepal.blogspot.com,lumbinifashion@gmail.com,+9779851151111,null,false,false,false,null,,false,false,null,
मणि फोटोकपी,"M8PP+M53, Shankhamul Marga, काठमाडौँ 44600","M8PP+M53, Shankhamul Marga",काठमाडौँ,44600,+9779843008494,NP,https://maniphotocopy.wordpress.com,atmisan@gmail.com,+NP13141516,null,false,false,false,null,,false,false,null,
SEWA PRINTING PRESS ( Teku Office Only For Contact),"Bafal Marg, काठमाडौँ 44600",Bafal Marg,काठमाडौँ,44600,+97715346557,NP,https://sewapress.com.np,null,+97715233236,null,false,false,false,null,,false,false,null,
एडभरटाईजिङ्ग नेपाल प्रा. लि.,"Gairidhara Rd, काठमाडौँ 44600",Gairidhara Rd,काठमाडौँ,44600,+97714536465,NP,https://advertisingnepal.com,info@advertisingnepal.com,+97714536465,+9779851079750,false,false,false,null,,false,false,null,
J.A.Traders Pvt.Ltd.,"107 लिंक मार्ग, काठमाडौँ 44600",107 लिंक मार्ग,काठमाडौँ,44600,+97715349706,NP,https://jatraders.com.np,null,null,null,false,false,false,null,,false,false,null,
बि. एल. प्रिन्टिङ प्रेस,"Dharma Chakra Marga, काठमाडौँ 00977",Dharma Chakra Marga,काठमाडौँ,00977,+9779851140910,NP,null,null,null,null,false,false,false,null,,false,false,null,
Smile Design and Print Solution,"सामाखुशी मार्ग, काठमाडौँ 44600",सामाखुशी मार्ग,काठमाडौँ,44600,+9779818879914,NP,https://smiledesignprint.com.np,smiledesign1992@gmail.com,+9779818879914,null,false,false,false,null,,false,false,null,
क्लासी प्रिन्टिङ्ग प्रेस,"Kamerotar, Radhe Radhe, भक्तपुर 00977","Kamerotar, Radhe Radhe",भक्तपुर,00977,+97715903229,NP,https://classyprintingpress.com.np,null,null,null,false,false,false,null,,false,false,null,
Print Sansar,"32 Munibhairav Marga, काठमाडौँ 44600",32 Munibhairav Marga,काठमाडौँ,44600,+9779818880274,NP,null,null,null,null,false,false,false,null,,false,false,null,
GK Trade Link,"Gopi Krishna Marga, काठमाडौँ 44600",Gopi Krishna Marga,काठमाडौँ,44600,+97714822480,NP,null,null,null,null,false,false,false,null,,false,false,null,
Quick Stamp House,"28 Putali Sadak, काठमाडौँ 44600",28 Putali Sadak,काठमाडौँ,44600,+97714526169,NP,null,null,null,null,false,false,false,null,,false,false,null,
Outdoor Nepal - Printing Service,काठमाडौँ 44600,,काठमाडौँ,44600,+9779841503408,NP,null,null,null,null,false,false,false,null,,false,false,null,
Chandragiri Digital Print,"M7P2+RH3, चन्द्रागिरी 44600",M7P2+RH3,चन्द्रागिरी,44600,+97714310949,NP,https://chandragiriprint.com,printchandragiri@gmail.com,+NP0143109499841927635,null,false,false,false,null,,false,false,null,
Ashoka Ad Nepal Flex Print,"Purano Sinamangal, Pepsi Kola Kathmandu -35,, Bhaktapur Road, काठमाडौँ 44600","Purano Sinamangal, Pepsi Kola Kathmandu -35, Bhaktapur Road",काठमाडौँ,44600,+9779851069782,NP,null,null,null,null,false,false,false,null,,false,false,null,
J&Js Printing Support (Paper Bags Manufacturer),ललितपुर 44600,,ललितपुर,44600,+9779843223219,NP,https://paperbagnepal.com,null,null,null,false,false,false,null,,false,false,null,
Blanc Tech Pvt. Ltd.,"P98C+FH4, गोकर्णेश्वर 44600",P98C+FH4,गोकर्णेश्वर,44600,+9779864152613,NP,https://store.blanc.com.np,null,null,null,false,false,false,null,,false,false,null,
Sarvottam Nepal Pvt. Ltd.,"Abhiyan Marg, काठमाडौँ 44600",Abhiyan Marg,काठमाडौँ,44600,+97714360371,NP,https://sarvottamnepal.com,null,null,null,false,false,false,null,,false,false,null,
सुभाष छापाखाना,"नकबही, धलायचा लँ, ललितपुर 44700","नकबही, धलायचा लँ",ललितपुर,44700,+9779841242113,NP,null,null,null,null,false,false,false,null,,false,false,null,
Sharaswoti Paper & Printing Pvt. Ltd.,काठमाडौँ 44600,,काठमाडौँ,44600,+9779851336159,NP,null,null,null,null,false,false,false,null,,false,false,null,
JMS Printing Press,"Chowk Samakhushi - Ranibari Rd, काठमाडौँ 44600",Chowk Samakhushi - Ranibari Rd,काठमाडौँ,44600,+9779841439583,NP,null,null,null,null,false,false,false,null,,false,false,null,
Satlok Sublimation Kathmandu,"03 Thulobharayang Ekdhara, काठमाडौँ 44600",03 Thulobharayang Ekdhara,काठमाडौँ,44600,+9779820756678,NP,https://satloksublimation.com,null,null,null,false,false,false,null,,false,false,null,
Megha Print Tech & Suppliers Pvt.Ltd,"M8GQ+HJV, Sahayoginagar,Koteshwor, काठमाडौँ 44600","M8GQ+HJV, Sahayoginagar, Koteshwor",काठमाडौँ,44600,+9779849965608,NP,null,null,null,null,false,false,false,null,,false,false,null,
Karya Binayak Digital Press,"Balaju Machha Pokhari, काठमाडौँ 44600",Balaju Machha Pokhari,काठमाडौँ,44600,+9779818587996,NP,null,null,null,null,false,false,false,null,,false,false,null,
Print Station Nepal,काठमाडौँ 44600,,काठमाडौँ,44600,+9779865588035,NP,null,null,null,null,false,false,false,null,,false,false,null,
Khasti Creation,"बौद्धनाथ सडक, काठमाडौँ 44600",बौद्धनाथ सडक,काठमाडौँ,44600,+97714585028,NP,null,null,null,null,false,false,false,null,,false,false,null,
Xजेरक्स डिजिटल प्रेस प्रा.लि.,"M8MV+CV3, Shri Ganesh Marg, काठमाडौँ 44600","M8MV+CV3, Shri Ganesh Marg",काठमाडौँ,44600,+97714468896,NP,null,null,null,null,false,false,false,null,,false,false,null,
Print Pasal,"Subarna Marg, काठमाडौँ 44600",Subarna Marg,काठमाडौँ,44600,+9779802352899,NP,null,null,null,null,false,false,false,null,,false,false,null,
Quick Print,"433 Pandol Marga, काठमाडौँ 44600",433 Pandol Marga,काठमाडौँ,44600,+9779801157290,NP,null,null,null,null,false,false,false,null,,false,false,null,
मञ्जरी ग्राफिक एण्ड प्रिन्टर्स,काठमाडौँ 44600,,काठमाडौँ,44600,+9779851024578,NP,https://manjarigraphic.com.np,manjarigraphic@gmail.com,+9779818120537,null,false,false,false,null,,false,false,null,
New Shrestha Printing Press,"P826+WMV, काठमाडौँ 44600",P826+WMV,काठमाडौँ,44600,+9779862276576,NP,null,null,null,null,false,false,false,null,,false,false,null,
Raindrops Creation,"Shree Marga, काठमाडौँ 44600",Shree Marga,काठमाडौँ,44600,+9779849167154,NP,https://raindropscreation.com,info@raindropscreation.com,+9779849167154,null,false,false,false,null,,false,false,null,
TShirt Print Nepal,काठमाडौँ 44600,,काठमाडौँ,44600,+9779768432693,NP,https://tshirtprintnepal.com,null,null,null,false,false,false,null,,false,false,null,
"Font Buddha (For T-shirt Designs, Printing And Custom Order Placement)",काठमाडौँ 44600,,काठमाडौँ,44600,+9779801842613,NP,null,null,null,null,false,false,false,null,,false,false,null,
